SKU,PlatformID,Platform
FLYBP202101,462389282001,AJ
FLYBP2101,462389282002,AJ
FLYBP202102,462400177001,AJ
FLYBP2102,462400177002,AJ
LWBP20213001,462504137001,AJ
LWBP20213003,462504139001,AJ
LWBP20213004,462504141001,AJ
LWBP20213006,462504142001,AJ
LWBP20213009,462504143001,AJ
LWBP20213010,462504144001,AJ
LWBP20213005,462504146001,AJ
LWBP20213008,462504148001,AJ
LWBP20213018,462504150001,AJ
LWBP20213019,462504152001,AJ
LWBP20213021,462504155001,AJ
LWBP20213024,462504157001,AJ
LWBP20213028,462504159001,AJ
LWBP20213032,462504160001,AJ
LWBP20213031,462504161001,AJ
LWBP20213035,462504162001,AJ
FLYBP2104,462504167001,AJ
LWBP20213036,462504168001,AJ
LWBP20213020,462504186001,AJ
LWBP20213026,462504189001,AJ
LWBP20213033,462504197001,AJ
LWBP20213038,462504202001,AJ
LWBP20213007,462507201001,AJ
LWBP20213022,462507585001,AJ
LWBP20213017,462507589001,AJ
LWBP20213027,462507595001,AJ
LWBP20213029,462507599001,AJ
LWBP20213030,462507602001,AJ
LWBP20213037,462507609001,AJ
LWBP20213025,462507619001,AJ
LWBP20213023,462507646001,AJ
FLYBP2103,462507653001,AJ
LWBP20213034,462515865001,AJ
LWBP20213002,462515923001,AJ
LWWP2101,462506640001,AJ
FLYOB202107,462581826001,AJ
FLYOB202109,462581881001,AJ
FLYOB202110,462586826001,AJ
FLYOB202111,462586845001,AJ
FLYOB202104,462587916001,AJ
FLYOB202106,462587916002,AJ
FLYOB202105,462587916003,AJ
FLYOB202101,462587952001,AJ
FLYOB202102,462587952002,AJ
FLYSB202103,462501023001,AJ
FLYSB202102,462501030001,AJ
FLYSB202106,462501120001,AJ
FLYSB202101,462507028001,AJ
FLYSB202104,462507030001,AJ
FLYSB202105,462507052001,AJ
LWBP20213016,462519756001,AJ
LWBP20213011,462519833001,AJ
LWBP20213014,462519842001,AJ
LWBP20213015,462519855001,AJ
LWBP20213012,462519874001,AJ
LWBP20213013,462588222001,AJ
FLYDB20214001,462491775001,AJ
FLYDB20214002,462491779001,AJ
FLYDB20214003,462491782001,AJ
LWBP19203082,462389013001,AJ
LWBP19203068,462389061001,AJ
LWBP19203080,462389075001,AJ
LWBP19203078,462389167001,AJ
LWBP19203084,462389200001,AJ
LWBP19203067,462389205001,AJ
LWBP19203085,462396919001,AJ
LWBP19203083,462397027001,AJ
LWBP19203079,462400167001,AJ
LWHK2020105,462400209001,AJ
LWBP19203076,462417944001,AJ
LWBP19203077,462417969001,AJ
LWHK2020101,462417971001,AJ
LWHK2020102,462418613001,AJ
LWHK2020103,462418629001,AJ
LWHK2020104,462418636001,AJ
LWHK2020106,462421213001,AJ
LWBP19203081,462447813001,AJ
LWHK2207,465631157001,AJ
LWDB214103,463084566001,AJ
LWDB214102,463084566002,AJ
LWOB16171121,462314087001,AJ
LWOB16171124,462314114001,AJ
LWOB16171124,462314130001,AJ
LWOB16171132,462314154001,AJ
LWOB16171066,462314192001,AJ
LWOB16171067,462314205001,AJ
LWOB16171069,462314209001,AJ
LWOB16171065,462314211001,AJ
LWOB16171083,462314225001,AJ
LWOB16171085,462314240001,AJ
LWOB16171123,462314261001,AJ
LWOB16171127,462314309001,AJ
LWOB16171148,462314331001,AJ
LWOB16171079,462314343001,AJ
LWOB16171149,462314346001,AJ
LWOB16171062,462314351001,AJ
LWOB16171070,462314365001,AJ
LWOB16171073,462314374001,AJ
LWOB16171078,462314378001,AJ
LWOB16171129,462314458001,AJ
LWOB16171063,462314470001,AJ
LWOB16171071,462314479001,AJ
LWOB16171119,462314519001,AJ
LWOB16171120,462329286001,AJ
LWOB16171081,462329324001,AJ
LWOB16171082,462329560001,AJ
LWOB16171130,462364823001,AJ
LWOB16171122,462364826001,AJ
LWOB16171131,462364885001,AJ
LWOB16171068,462364892001,AJ
LWOB16171072,462364898001,AJ
LWOB16171151,462364914001,AJ
LWOB16171064,462365005001,AJ
LWOB16171080,462365013001,AJ
LWOB16171084,462365185001,AJ
LWOB16171125,462365249001,AJ
LWOB16171128,462365500001,AJ
LWOB19201062,462418252001,AJ
LWOB19201063,462418262001,AJ
LWOB19201084,462418267001,AJ
LWOB19201079,462418269001,AJ
LWOB19201081,462418275001,AJ
LWOB19201071,462418280001,AJ
LWOB19201082,462418282001,AJ
LWOB19201064,462418293001,AJ
LWOB19201067,462418295001,AJ
LWOB19201069,462418300001,AJ
LWOB19201070,462418304001,AJ
LWOB19201072,462418315001,AJ
LWOB19201073,462418322001,AJ
LWOB19201078,462418329001,AJ
LWOB19201065,462418332001,AJ
LWOB19201085,462422813001,AJ
LWOB19201083,462422847001,AJ
LWOB202103,462590633001,AJ
LWOB2021004,462590633002,AJ
LWSB20213025,462210682001,AJ
LWSB20213011,462218002001,AJ
LWSB20214022,462218004001,AJ
LWSB20213018,462218005001,AJ
LWSB20213012,462218072001,AJ
LWSB20214021,462218073001,AJ
LWSB20213005,462218077001,AJ
LWSB20213022,462218088001,AJ
LWSB20213015,462218089001,AJ
LWSB20214024,462218091001,AJ
LWSB20213008,462218092001,AJ
LWSB20213021,462218101001,AJ
LWSB20213014,462218105001,AJ
LWSB20214023,462218109001,AJ
LWSB20213006,462218112001,AJ
LWSB20213009,462218354001,AJ
LWSB20213024,462218355001,AJ
LWSB20213017,462218356001,AJ
LWSB20213026,462277476001,AJ
LWSB20213007,462277479001,AJ
LWSB20213013,462277893001,AJ
LWSB20213023,462277952001,AJ
LWSB20213016,462278005001,AJ
LWSB20213019,462291061001,AJ
LWSB20213010,462291064001,AJ
LWTP202101,462450381001,AJ
LWTP202102,462451177001,AJ
LWGW19208044,462470184001,AJ
LWGW19208028,462470198001,AJ
LWGW19208027,462470327001,AJ
LWCS2101,462475302001,AJ
LWGW19208046,462489431001,AJ
LWGW19208029,462489825001,AJ
LWGW19208045,462489870001,AJ
LWDB19204072,462308737001,AJ
LWDB19204075,462308766001,AJ
LWDB16174096,462308805001,AJ
LWDB19204083,462308931001,AJ
LWDB16174098,462316625001,AJ
LWDB19204089,462327854001,AJ
LWDB19204060,462328890001,AJ
LWDB16174014,462329704001,AJ
LWDB19204084,462329710001,AJ
LWDB19204088,462329724001,AJ
LWDB19204073,462329864001,AJ
LWDB16174097,462339780001,AJ
LWDB19204062,462363902001,AJ
LWDB19204063,462364041001,AJ
LWDB16174099,462364178001,AJ
LWDB19204061,462364273001,AJ
LWDB19204074,462364636001,AJ
LWDB16174101,462475419001,AJ
LWDB16174100,462476360001,AJ
LWGC20215004,462365114001,AJ
LWGC20215006,462365538001,AJ
LWWC16176076,462462221001,AJ
LWWC16176059,462462224001,AJ
LWWC16176041,462462227001,AJ
LWWC16176104,462462229001,AJ
LWWC16176037,462462231001,AJ
LWWC16176105,462462233001,AJ
LWWC16176077,462462236001,AJ
LWWC16176112,462462237001,AJ
LWWC16176117,462462239001,AJ
LWWC16176115,462462240001,AJ
LWWC16176094,462462244001,AJ
LWWC16176140,462462246001,AJ
LWWC16176116,462462247001,AJ
LWWC16176043,462462248001,AJ
LWWC16176056,462462250001,AJ
LWWC16176139,462462252001,AJ
LWWC16176125,462462255001,AJ
LWWC16176088,462462256001,AJ
LWWC20216001,462462259001,AJ
LWWC16176133,462462261001,AJ
LWWC16176134,462462263001,AJ
LWWC16176075,462462264001,AJ
LWWC16176114,462462265001,AJ
LWWC16176124,462462267001,AJ
LWWC16176092,462462269001,AJ
LWWC16176113,462462270001,AJ
LWWC16176100,462462273001,AJ
LWWC16176039,462469787001,AJ
LWWC16176107,462469791001,AJ
LWWC16176087,462469795001,AJ
LWWC16176040,462469796001,AJ
LWWC16176079,462469798001,AJ
LWWC16176097,462469801001,AJ
LWWC16176080,462469802001,AJ
LWWC16176091,462469804001,AJ
LWWC16176038,462469822001,AJ
LWWC16176099,462469826001,AJ
LWWC16176002,462469871001,AJ
LWWC16176106,462469875001,AJ
LWPC16179009,462898823001,AJ
LWPC16179008,462898823002,AJ
LWWC2102,462898830001,AJ
FLYSB202101,MP000000013950070,TQ
LWOB16171125,MP000000013950087,TQ
LWBP20213032,MP000000013950016,TQ
LWBP20213006,MP000000013950032,TQ
LWBP20213034,MP000000013950019,TQ
LWSB21502,MP000000013950052,TQ
LWOB19201083,MP000000013950119,TQ
LWOB202104,MP000000013950109,TQ
LWOB16171121,MP000000013950091,TQ
LWBP20213004,MP000000013950023,TQ
LWOB19201080,MP000000013950125,TQ
LWBP20213031,MP000000013950022,TQ
LWOB19201084,MP000000013950115,TQ
LWOB19201064,MP000000013950105,TQ
LWOB19201079,MP000000013950121,TQ
LWHK2020102,MP000000013949962,TQ
LWSB16173019,MP000000013950035,TQ
LWHK2020106,MP000000013949964,TQ
LWOB16171122,MP000000013950085,TQ
FLYSB202104,MP000000013950067,TQ
LWDB214103,MP000000013949997,TQ
LWOB16171120,MP000000013950094,TQ
FLYSB202103,MP000000013950065,TQ
LWSB19203022,MP000000013950062,TQ
LWDB224099,MP000000013949981,TQ
LWDB214102,MP000000013949996,TQ
LWDB224098,MP000000013949982,TQ
LWBP20213033,MP000000013950017,TQ
LWBP20213022,MP000000013950007,TQ
LWBP20213005,MP000000013950027,TQ
LWDB19204089,MP000000013949989,TQ
LWSB21500,MP000000013950041,TQ
LWOB16171124,MP000000013950098,TQ
LWOB16171151,MP000000013950113,TQ
FLYSB202105,MP000000013950061,TQ
LWBP19203083,MP000000013949963,TQ
LWSB16173008,MP000000013950042,TQ
LWDB16174014C,MP000000013949987,TQ
LWDB19204061,MP000000013950001,TQ
LWBP20213038,MP000000013950025,TQ
LWSB19203023,MP000000013950063,TQ
FLYSB202102,MP000000013950071,TQ
LWBP20213025,MP000000013950008,TQ
LWBP202101,MP000000013949975,TQ
LWSB16173016,MP000000013950053,TQ
LWOB16171123B,MP000000013950081,TQ
LWOB19201063,MP000000013950099,TQ
LWBP202102,MP000000013949974,TQ
LWBP20213024,MP000000013950009,TQ
LWBP20213007,MP000000013950031,TQ
LWBP20213035,MP000000013950011,TQ
LWOB16176119,MP000000013950076,TQ
LWDB19204084,MP000000013950000,TQ
LWBP20213023,MP000000013950010,TQ
LWDB20214099,MP000000013950034,TQ
LWBP202103,MP000000013949977,TQ
LWHK2020101,MP000000013949965,TQ
LWBP20213030,MP000000013950013,TQ
LWSB19203024,MP000000013950043,TQ
LWHK2020105,MP000000013949961,TQ
LWDB19204062,MP000000013949992,TQ
LWOB19201066,MP000000013950104,TQ
LWOB16171127B,MP000000013950079,TQ
LWDB214104,MP000000013949983,TQ
LWSB16173018,MP000000013950051,TQ
LWBP19206087,MP000000013949973,TQ
LWOB16171128B,MP000000013950086,TQ
LWDB19204063,MP000000013949993,TQ
LWSB19203026,MP000000013950056,TQ
LWOB19201071,MP000000013950129,TQ
LWBP19203084,MP000000013949969,TQ
LWSB21501,MP000000013950044,TQ
LWOB202102,MP000000013950120,TQ
LWOB16171123,MP000000013950095,TQ
LWOB19201068,MP000000013950111,TQ
FLYSB202106,MP000000013950075,TQ
LWDB19204059,MP000000013949985,TQ
LWOB19201082,MP000000013950124,TQ
LWOB16171125B,MP000000013950077,TQ
LWHK2020103,MP000000013949960,TQ
LWSB19203025,MP000000013950045,TQ
LWSB16173015,MP000000013950050,TQ
LWOB16171128,MP000000013950090,TQ
LWOB19201062,MP000000013950103,TQ
LWOB202103,MP000000013950110,TQ
LWOB19201078,MP000000013950128,TQ
LWSB16173009,MP000000013950057,TQ
LWBP202103,LEATH00000110,NK
LWBP202101,LEATH00000111,NK
LWBP202102,LEATH00000112,NK
LWBP20213026,LEATH00000113,NK
LWBP20213031,LEATH00000114,NK
LWBP20213030,LEATH00000115,NK
LWBP20213029,LEATH00000116,NK
LWBP20213028,LEATH00000117,NK
LWBP20213027,LEATH00000118,NK
LWBP20213025,LEATH00000119,NK
LWBP20213024,LEATH00000120,NK
LWBP20213023,LEATH00000121,NK
LWBP20213022,LEATH00000122,NK
LWBP20213019,LEATH00000123,NK
LWBP20213018,LEATH00000124,NK
LWBP20213017,LEATH00000125,NK
LWBP20213016,LEATH00000126,NK
LWBP20213015,LEATH00000127,NK
LWBP20213014,LEATH00000128,NK
LWBP20213012,LEATH00000129,NK
LWBP20213011,LEATH00000130,NK
LWBP20213009,LEATH00000131,NK
LWBP20213008,LEATH00000132,NK
LWBP20213007,LEATH00000133,NK
LWBP20213006,LEATH00000134,NK
LWBP20213005,LEATH00000135,NK
LWBP20213004,LEATH00000136,NK
LWBP20213002,LEATH00000137,NK
LWBP20213001,LEATH00000138,NK
LWBP19203084,LEATH00000139,NK
LWBP19203083,LEATH00000140,NK
LWBP19203082,LEATH00000141,NK
LWBP16173067,LEATH00000142,NK
LWBP16173068,LEATH00000143,NK
LWBP19203078,LEATH00000144,NK
LWBP16173031,LEATH00000145,NK
LWBP16173030,LEATH00000146,NK
LWOB202103,LEATH00000147,NK
LWOB202104,LEATH00000148,NK
LWOB16171121,LEATH00000149,NK
LWOB19201079,LEATH00000150,NK
LWOB16171123,LEATH00000151,NK
LWOB19201123,LEATH00000152,NK
LWOB19201083,LEATH00000153,NK
LWOB16171020,LEATH00000154,NK
LWOB19201078,LEATH00000155,NK
LWOB19201080,LEATH00000156,NK
LWOB16171122,LEATH00000157,NK
LWOB19201084,LEATH00000158,NK
LWOB19201149,LEATH00000159,NK
LWOB16171151,LEATH00000160,NK
LWOB19201063,LEATH00000161,NK
LWOB19201062,LEATH00000162,NK
LWOB19201064,LEATH00000163,NK
LWOB19201070,LEATH00000164,NK
LWOB19201126,LEATH00000165,NK
LWOB19201128,LEATH00000166,NK
LWOB19201067,LEATH00000167,NK
LWOB19201066,LEATH00000168,NK
LWOB19201072,LEATH00000169,NK
LWOB16171132,LEATH00000170,NK
LWOB19201068,LEATH00000171,NK
LWOB16171128,LEATH00000172,NK
LWSB19203008,LEATH00000173,NK
LWSB16173019,LEATH00000174,NK
LWSB19203015,LEATH00000175,NK
LWSB21501,LEATH00000176,NK
LWSB19203026,LEATH00000177,NK
LWSB19203009,LEATH00000178,NK
LWSB19203023,LEATH00000179,NK
LWSB20213030,LEATH00000180,NK
LWSB16173008,LEATH00000181,NK
LWSB16173015,LEATH00000182,NK
LWSB16173018,LEATH00000183,NK
LWSB215002,LEATH00000186,NK
LWSB16173016,LEATH00000187,NK
LWSB19203025,LEATH00000188,NK
LWSB16173009,LEATH00000189,NK
LWSB16173017,LEATH00000190,NK
LWSB16173010,LEATH00000191,NK
LWSB19203024,LEATH00000192,NK
LWSB16173006,LEATH00000193,NK
LWSB16173007,LEATH00000194,NK
LWDB16174014,LEATH00000195,NK
LWDB16174096,LEATH00000196,NK
LWDB214102,LEATH00000197,NK
LWDB214104,LEATH00000198,NK
LWDB19204014,LEATH00000199,NK
LWDB16174098,LEATH00000200,NK
LWDB16174099,LEATH00000201,NK
LWDB19204063,LEATH00000202,NK
LWDB16174097,LEATH00000203,NK
LWDB19204084,LEATH00000204,NK
LWDB19204064,LEATH00000205,NK
LWDB19204089,LEATH00000206,NK
LWDB19204059,LEATH00000207,NK
FLYDB20214003,LEATH00000208,NK
FLYDB20214002,LEATH00000209,NK
FLYDB20214001,LEATH00000210,NK
LWHK2020106,LEATH00000211,NK
LWHK2020105,LEATH00000212,NK
LWHK2020104,LEATH00000213,NK
LWHK2020103,LEATH00000214,NK
LWHK2020102,LEATH00000215,NK
FLYTP2101,LEATH00000216,NK
LWGW2201,LEATH00000219,NK
LWGW2202,LEATH00000220,NK
LWGW2203,LEATH00000221,NK
LWGW2204,LEATH00000222,NK
LWGW2205,LEATH00000223,NK
LWGW2206,LEATH00000224,NK
LWGW2207,LEATH00000225,NK
LWGW2208,LEATH00000226,NK
LWGW2209,LEATH00000227,NK
LWGW2210,LEATH00000228,NK
LWGW2211,LEATH00000229,NK
LWGW2212,LEATH00000230,NK
LWGW2213,LEATH00000231,NK
LWGW2214,LEATH00000232,NK
LWGW2215,LEATH00000233,NK
LWGW2216,LEATH00000234,NK
LWGW2217,LEATH00000235,NK
LWGW2218,LEATH00000236,NK
LWGW2219,LEATH00000237,NK
LWGW2220,LEATH00000238,NK
LWGW2221,LEATH00000239,NK
LWGW2222,LEATH00000240,NK
LWGW2223,LEATH00000241,NK
LWGW2224,LEATH00000242,NK
LWGW2225,LEATH00000243,NK
LWGW2226,LEATH00000244,NK
LWGW2227,LEATH00000245,NK
LWGW2228,LEATH00000246,NK
28LWGW2201,20316732,M
28LWGW2202,20316752,M
28LWGW2203,20316748,M
28LWGW2204,20316740,M
28LWGW2205,20316744,M
28LWGW2206,20316750,M
28LWGW2207,20316728,M
28LWGW2208,20316738,M
28LWGW2209,20316734,M
28LWGW2210,20316736,M
28LWGW2211,20316730,M
28LWGW2212,20316754,M
28LWGW2213,20316746,M
28LWGW2215,20316742,M
28LWGW2241,21248862,M
28LWGW2242,21248866,M
28LWGW2243,21248858,M
28LWGW2244,21248860,M
28LWGW2245,21248864,M
30LWGW2201,20332102,M
30LWGW2202,20332106,M
30LWGW2203,20316772,M
30LWGW2204,20316784,M
30LWGW2205,20316778,M
30LWGW2206,20316790,M
30LWGW2207,20316782,M
30LWGW2208,20316792,M
30LWGW2209,20316780,M
30LWGW2210,20316786,M
30LWGW2211,20316776,M
30LWGW2212,20316774,M
30LWGW2213,20316788,M
30LWGW2215,20332104,M
32LWGW2201,20332094,M
32LWGW2202,20332092,M
32LWGW2203,20318926,M
32LWGW2204,20318918,M
32LWGW2205,20318924,M
32LWGW2206,20332096,M
32LWGW2207,20318920,M
32LWGW2208,20332090,M
32LWGW2209,20318930,M
32LWGW2210,20318932,M
32LWGW2211,20318928,M
32LWGW2212,20318934,M
32LWGW2213,20318922,M
32LWGW2215,20332098,M
34LWGW2201,20331888,M
34LWGW2202,20331892,M
34LWGW2203,20319712,M
34LWGW2204,20319714,M
34LWGW2205,20319718,M
34LWGW2206,20331886,M
34LWGW2207,20319720,M
34LWGW2208,20331884,M
34LWGW2209,20331890,M
34LWGW2210,20319722,M
34LWGW2211,20319716,M
34LWGW2212,20319724,M
34LWGW2213,20319728,M
34LWGW2215,20331894,M
36LWGW2201,20331632,M
36LWGW2202,20331626,M
36LWGW2203,20318948,M
36LWGW2204,20318944,M
36LWGW2205,20318952,M
36LWGW2206,20331628,M
36LWGW2207,20318954,M
36LWGW2208,20331620,M
36LWGW2209,20331622,M
36LWGW2210,20318950,M
36LWGW2211,20318942,M
36LWGW2212,20331630,M
36LWGW2213,20318946,M
36LWGW2215,20331624,M
38LWGW2201,20331558,M
38LWGW2202,20331564,M
38LWGW2203,20319772,M
38LWGW2204,20319768,M
38LWGW2205,20319760,M
38LWGW2206,20331560,M
38LWGW2207,20319764,M
38LWGW2208,20331568,M
38LWGW2209,20331556,M
38LWGW2210,20323110,M
38LWGW2211,20319770,M
38LWGW2212,20331566,M
38LWGW2213,20319762,M
38LWGW2215,20331562,M
4 Black Plane,21651824,M
4 Black Window,21651830,M
4 Brown Plane,21651820,M
4 Brown Window,21651826,M
4 Tan Plane,21651828,M
4 Tan Window,21651822,M
40LWGW2201,20331448,M
40LWGW2202,20331442,M
40LWGW2203,20320382,M
40LWGW2204,20320378,M
40LWGW2205,20331438,M
40LWGW2206,20331432,M
40LWGW2207,20331444,M
40LWGW2208,20331436,M
40LWGW2209,20331434,M
40LWGW2210,20331440,M
40LWGW2211,20320380,M
40LWGW2212,20331450,M
40LWGW2213,20331430,M
40LWGW2215,20331446,M
FLYBP2101,14329008,M
FLYBP2102,14329002,M
FLYBP2103,14329006,M
FLYBP2104,14329004,M
FLYDB20214001,13511620,M
FLYDB20214002,13507662,M
FLYDB20214003,13511622,M
FLYDB224004,18853432,M
FLYDB224005,18853434,M
FLYDB224006,19465286,M
FLYOB202101,14150466,M
FLYOB202102,14150468,M
FLYOB202103,14150472,M
FLYOB202104,14150474,M
FLYOB202105,14150470,M
FLYOB202106,14150464,M
FLYOB202107,14576356,M
FLYOB202108,14576350,M
FLYOB202109,14576352,M
FLYOB202110,14576348,M
FLYOB202111,14576354,M
FLYOB202112,18771712,M
FLYOB202113,19466274,M
FLYOB202114,19466276,M
FLYOB23110,22471984,M
FLYSB202101,14059782,M
FLYSB202102,14070754,M
FLYSB202103,14059780,M
FLYSB202104,14353710,M
FLYSB202105,14353708,M
FLYSB202106,14353706,M
FLYSB202108,19498888,M
FLYTP2101,14566732,M
FLYWP2202,19496408,M
FLYWP2203,19496406,M
LB2201,20016590,M
LB2202,20016592,M
LB2203,20016598,M
LB2204,20016584,M
LB2205,20016594,M
LB2206,20016596,M
LB2207,20016588,M
LB2208,20220646,M
LB2209,20220642,M
LB2210,20220648,M
LB2211,20220644,M
LWBP16173003,6707323,M
LWBP16173004,6707324,M
LWBP16173006,6707321,M
LWBP16173008,6707325,M
LWBP16173012,9271503,M
LWBP16173013,9271501,M
LWBP16173017,9297231,M
LWBP16173019,14440170,M
LWBP16173020,14440169,M
LWBP16173021,14440169,M
LWBP16173022,2295303,M
LWBP16173023,2295302,M
LWBP16173024,2295301,M
LWBP16173025,2295300,M
LWBP16173026,4699590,M
LWBP16173027,6024742,M
LWBP16173028,6024746,M
LWBP16173029,6707326,M
LWBP16173030,6707322,M
LWBP16173031,6707327,M
LWBP19203067,9687211,M
LWBP19203068,9687213,M
LWBP19203070,9687215,M
LWBP19203071,9839155,M
LWBP19203072,9839161,M
LWBP19203073,9839159,M
LWBP19203075,9839151,M
LWBP19203076,9839163,M
LWBP19203077,9839147,M
LWBP19203078,9839157,M
LWBP19203079,9839153,M
LWBP19203080,9839165,M
LWBP19203081,9839149,M
LWBP19203082,9890071,M
LWBP19203083,9890065,M
LWBP19203084,9890067,M
LWBP19203085,10045755,M
LWBP19203086,10045747,M
LWBP19203087,10045757,M
LWBP19206087,11208106,M
LWBP19206088,11208104,M
LWBP19206089,11208968,M
LWBP19206089B,11220410,M
LWBP19206090,11208972,M
LWBP19206090B,11220408,M
LWBP19206091,11208970,M
LWBP19206091B,11387964,M
LWBP19206092,11387968,M
LWBP19206093,11387962,M
LWBP19206094,11387966,M
LWBP202101,14140846,M
LWBP202102,14140848,M
LWBP202103,14431596,M
LWBP20213001,13560536,M
LWBP20213002,13560496,M
LWBP20213003,13560526,M
LWBP20213004,13560552,M
LWBP20213005,13560550,M
LWBP20213006,13560514,M
LWBP20213007,13560528,M
LWBP20213008,13560498,M
LWBP20213009,13560534,M
LWBP20213010,13560544,M
LWBP20213011,13548654,M
LWBP20213012,13548656,M
LWBP20213013,13548662,M
LWBP20213014,13548658,M
LWBP20213015,13548660,M
LWBP20213016,13548652,M
LWBP20213018,13560516,M
LWBP20213019,13560542,M
LWBP20213020,13560508,M
LWBP20213021,13560538,M
LWBP20213022,13560532,M
LWBP20213023,13560540,M
LWBP20213025,13560548,M
LWBP20213026,13560512,M
LWBP20213027,13560524,M
LWBP20213028,13560500,M
LWBP20213029,13560522,M
LWBP20213030,13560546,M
LWBP20213032,13560518,M
LWBP20213033,13560510,M
LWBP20213034,13560520,M
LWBP20213035,13560504,M
LWBP20213036,13560530,M
LWBP20213037,13560502,M
LWBP20213038,13560506,M
LWCL2201,19722922,M
LWCL2202,19722928,M
LWCL2203,19722924,M
LWCP202101,14175616,M
LWDB16174004,6708264,M
LWDB16174006,6708266,M
LWDB16174007,6708262,M
LWDB16174008,5649976,M
LWDB16174013,2500692,M
LWDB16174014,2500691,M
LWDB16174014B,10473210,M
LWDB16174015,6708265,M
LWDB16174016,6708263,M
LWDB16174096,13168696,M
LWDB16174097,14005108,M
LWDB16174098,14005110,M
LWDB16174099,14005112,M
LWDB16174100,14324928,M
LWDB16174101,14324930,M
LWDB19204059,13074240,M
LWDB19204060,11176598,M
LWDB19204062,11176594,M
LWDB19204063,11176596,M
LWDB19204064,13074236,M
LWDB19204065,11208076,M
LWDB19204066,11208078,M
LWDB19204067,11208080,M
LWDB19204068,12721922,M
LWDB19204072,11264838,M
LWDB19204072B,11315248,M
LWDB19204073,11264836,M
LWDB19204073B,11315252,M
LWDB19204074,11264834,M
LWDB19204074B,11315246,M
LWDB19204075,11264840,M
LWDB19204075B,11315250,M
LWDB19204083,11438642,M
LWDB19204084,11438640,M
LWDB19204088,13074242,M
LWDB19204089,13074238,M
LWDB214102,15588202,M
LWDB214103,15588206,M
LWDB214104,15588204,M
LWDB22100,19084146,M
LWDB22101,19084148,M
LWDB4014,11981028,M
LWGC20215004,14163416,M
LWGC20215006,14163418,M
LWGW2104,14409612,M
LWGW2105,14409610,M
LWGW2106,14416494,M
LWGW2201,19274560,M
LWGW2202,19274522,M
LWGW2203,19274548,M
LWGW2204,19274510,M
LWGW2205,19274536,M
LWGW2206,19274558,M
LWGW2207,19274530,M
LWGW2208,19274542,M
LWGW2209,19274512,M
LWGW2210,19274532,M
LWGW2211,19274562,M
LWGW2212,19274516,M
LWGW2213,19274546,M
LWGW2214,19281242,M
LWGW2215,19274518,M
LWGW2216,19274538,M
LWGW2217,19274552,M
LWGW2218,19274528,M
LWGW2219,19274544,M
LWGW2220,19274514,M
LWGW2221,19274534,M
LWGW2222,19274556,M
LWGW2223,19274520,M
LWGW2224,19274550,M
LWGW2225,19274524,M
LWGW2226,19274540,M
LWGW2227,19274554,M
LWGW2228,19274526,M
LWGW2229,20612812,M
LWGW2230,20612828,M
LWGW2231,20612816,M
LWGW2232,20612808,M
LWGW2233,20612818,M
LWGW2234,20612830,M
LWGW2235,20612810,M
LWGW2236,20612826,M
LWGW2237,20612822,M
LWGW2238,20612814,M
LWGW2239,20612824,M
LWGW2240,20612820,M
LWHK1920103,11434520,M
LWHK1920104,11434516,M
LWHK1920105,11434522,M
LWHK1920106,11434518,M
LWHK2020101,11299038,M
LWHK2020102,11299040,M
LWHK2020104,11313512,M
LWHK2020105,11313510,M
LWHK2020106,11313508,M
LWHK2207,20854182,M
LWMB16172004,4698741,M
LWMB16172010,6708248,M
LWMB16172017,4698742,M
LWMB16172021,4645548,M
LWMB16172023,4699652,M
LWMB16172024,4699650,M
LWMB16172025,6024306,M
LWMB16172026,6024280,M
LWMB16172028,9796399,M
LWMB16172029,9796397,M
LWMB16172030,9796405,M
LWMB16172031,10885672,M
LWMB16172032,10885676,M
LWMB16172033,10885680,M
LWMB16172034,10885678,M
LWMB16172035,10885674,M
LWOB16171003,4699641,M
LWOB16171005,6708249,M
LWOB16171006,4699643,M
LWOB16171008,4699649,M
LWOB16171009,6708247,M
LWOB16171010,6708348,M
LWOB16171011,6708244,M
LWOB16171015,8962863,M
LWOB16171016,8962867,M
LWOB16171018,6708246,M
LWOB16171022,7768444,M
LWOB16171026,4699640,M
LWOB16171030,2500533,M
LWOB16171032,2500539,M
LWOB16171033,2500540,M
LWOB16171034,2500532,M
LWOB16171035,6708250,M
LWOB16171036,6708245,M
LWOB16171037,4699654,M
LWOB16171045,7768203,M
LWOB16171062,2500537,M
LWOB16171063,2500531,M
LWOB16171064,2500535,M
LWOB16171065,2500534,M
LWOB16171066,2500536,M
LWOB16171067,2508968,M
LWOB16171068,2500538,M
LWOB16171069,2500541,M
LWOB16171070,4699645,M
LWOB16171071,4699648,M
LWOB16171072,4699644,M
LWOB16171073,6024290,M
LWOB16171074,6024314,M
LWOB16171076,6024298,M
LWOB16171077,6024265,M
LWOB16171078,6024318,M
LWOB16171079,6024287,M
LWOB16171080,6024262,M
LWOB16171081,6024294,M
LWOB16171082,6024273,M
LWOB16171083,6024284,M
LWOB16171084,6024302,M
LWOB16171085,6024271,M
LWOB16171086,6024310,M
LWOB16171087,6024277,M
LWOB16171088,6024268,M
LWOB16171118,8757897,M
LWOB16171119,8757895,M
LWOB16171120,7738833,M
LWOB16171121,7744029,M
LWOB16171122,7744028,M
LWOB16171123,8900079,M
LWOB16171124,8900071,M
LWOB16171125,8900069,M
LWOB16171126,8990327,M
LWOB16171128,8990329,M
LWOB16171130,8900075,M
LWOB16171131,8900073,M
LWOB16171132,8757893,M
LWOB16171132B,10639012,M
LWOB16171135,7785436,M
LWOB16171137,7786021,M
LWOB16171138,9256777,M
LWOB16171139,9256779,M
LWOB16171141,9054183,M
LWOB16171142,9054185,M
LWOB16171143,9054187,M
LWOB16171145,8962861,M
LWOB16171146,8962869,M
LWOB16171148,9256773,M
LWOB16171149,9256775,M
LWOB16171149B,11178890,M
LWOB16171150,9889515,M
LWOB16171151,13073690,M
LWOB19201058,11387990,M
LWOB19201059,11387986,M
LWOB19201060,11387992,M
LWOB19201061,11387988,M
LWOB19201062,11463332,M
LWOB19201063,11463350,M
LWOB19201064,11574504,M
LWOB19201065,11463356,M
LWOB19201066,11574502,M
LWOB19201067,11463354,M
LWOB19201068,11463330,M
LWOB19201069,11463348,M
LWOB19201070,11495024,M
LWOB19201071,11495020,M
LWOB19201072,11495026,M
LWOB19201073,11495022,M
LWOB19201074,11463340,M
LWOB19201075,11463324,M
LWOB19201076,11463336,M
LWOB19201077,11463352,M
LWOB19201078,11463322,M
LWOB19201079,11463342,M
LWOB19201080,11463334,M
LWOB19201081,11463346,M
LWOB19201082,11463344,M
LWOB19201083,11463326,M
LWOB19201084,11463338,M
LWOB19201085,11463328,M
LWOB19201121,8962865,M
LWOB19201122,8962859,M
LWOB202101,14457058,M
LWOB202102,14457060,M
LWOB202103,14626346,M
LWOB202104,14626348,M
LWOB2021132,12699370,M
LWOB2021149,12699372,M
LWPC16179008,14163182,M
LWPC16179009,14163180,M
LWPH16172002,11949570,M
LWPH16172003,11949572,M
LWPH16172004,11949568,M
LWPH20202001,11504990,M
LWPH20202002,11504992,M
LWPH20202003,11504988,M
LWSB16173004,4645547,M
LWSB16173005,8787387,M
LWSB16173007,8787385,M
LWSB16173008,11557750,M
LWSB16173009,10638966,M
LWSB16173009B,11554206,M
LWSB16173010,12164776,M
LWSB16173011,8962491,M
LWSB16173012,8962489,M
LWSB16173013,8962493,M
LWSB16173014,9273939,M
LWSB16173015,9273943,M
LWSB16173015B,11557748,M
LWSB16173016,9273935,M
LWSB16173017,9273937,M
LWSB16173018,9273933,M
LWSB16173018B,11557752,M
LWSB16173019,9273941,M
LWSB19203021,9683765,M
LWSB19203022,9683769,M
LWSB19203023,9683767,M
LWSB19203024,11207872,M
LWSB19203025,11207874,M
LWSB19203026,11207868,M
LWSB19203027,11207876,M
LWSB19203028,11207870,M
LWSB19203029,11207878,M
LWSB20213014,14148604,M
LWSB20213016,14148602,M
LWSB21500,15587936,M
LWSB21501,15587934,M
LWSB21502,15587938,M
LWTP16174016,14032054,M
LWTP16174018,8803581,M
LWTP16174019,8803587,M
LWTP16174020,8803579,M
LWTP16174021,8803589,M
LWTP16174022,8803575,M
LWTP16174023,8803585,M
LWTP16174024,8803583,M
LWTP16174025,8803577,M
LWTP202101,14024178,M
LWTP202102,14024188,M
LWTP202104,18837568,M
LWTP20214021,14024182,M
LWTP20214022,14024180,M
LWTP20214023,14032048,M
LWWC16176002,4700850,M
LWWC16176005,4700882,M
LWWC16176010,5965357,M
LWWC16176022,4700840,M
LWWC16176024,4700895,M
LWWC16176037,4700843,M
LWWC16176037B,12981118,M
LWWC16176038,4700854,M
LWWC16176038B,13105366,M
LWWC16176039,9192453,M
LWWC16176040,4700887,M
LWWC16176040B,12981114,M
LWWC16176041,9192449,M
LWWC16176042,14135998,M
LWWC16176046,4700907,M
LWWC16176047,4700903,M
LWWC16176050,5965353,M
LWWC16176050B,11616928,M
LWWC16176053,4700846,M
LWWC16176053B,9716257,M
LWWC16176054,4700897,M
LWWC16176054B,10619278,M
LWWC16176056,5965364,M
LWWC16176059,4700875,M
LWWC16176063,4700839,M
LWWC16176064,4700889,M
LWWC16176064B,11616922,M
LWWC16176065,4700886,M
LWWC16176066,4700835,M
LWWC16176067,4700841,M
LWWC16176068,4700838,M
LWWC16176070,4700842,M
LWWC16176073,4700901,M
LWWC16176074,4700836,M
LWWC16176074B,11616920,M
LWWC16176075,4700868,M
LWWC16176076,9192451,M
LWWC16176077,9192443,M
LWWC16176079,9192441,M
LWWC16176079B,12981116,M
LWWC16176080,9192455,M
LWWC16176080B,11333904,M
LWWC16176082,2297234,M
LWWC16176084,4700834,M
LWWC16176085,4700833,M
LWWC16176086,2297236,M
LWWC16176087,2297229,M
LWWC16176087B,9716275,M
LWWC16176088,2297232,M
LWWC16176088B,9716265,M
LWWC16176089,2297238,M
LWWC16176090,2297224,M
LWWC16176091B,9716267,M
LWWC16176092,2297233,M
LWWC16176094,2297223,M
LWWC16176096,2297227,M
LWWC16176099,2390463,M
LWWC16176099B,9716273,M
LWWC16176100,2390464,M
LWWC16176100B,9716271,M
LWWC16176103,4700892,M
LWWC16176103B,9716259,M
LWWC16176104,4700884,M
LWWC16176105,4700856,M
LWWC16176105B,13105364,M
LWWC16176106,4700900,M
LWWC16176107,4700845,M
LWWC16176108,4700906,M
LWWC16176108B,10619280,M
LWWC16176109B,9716269,M
LWWC16176110,4700874,M
LWWC16176110B,9716263,M
LWWC16176111,4700837,M
LWWC16176112,5965359,M
LWWC16176112B,10619284,M
LWWC16176113,5965355,M
LWWC16176114,5965366,M
LWWC16176115,5965356,M
LWWC16176116,5965360,M
LWWC16176117,5965363,M
LWWC16176117B,9716261,M
LWWC16176118,5965354,M
LWWC16176119,5965365,M
LWWC16176120,5965362,M
LWWC16176120B,10619286,M
LWWC16176121,5965358,M
LWWC16176121B,10619282,M
LWWC16176122,5965367,M
LWWC16176123,6707766,M
LWWC16176124,6707765,M
LWWC16176125,5965361,M
LWWC16176126,14163420,M
LWWC16176127,9192439,M
LWWC16176128,9192437,M
LWWC16176129,9192459,M
LWWC16176130,10316921,M
LWWC16176131,10316919,M
LWWC16176132,10316923,M
LWWC16176133,11616938,M
LWWC16176134,11333906,M
LWWC16176135,11333914,M
LWWC16176136,11333912,M
LWWC16176137,11333910,M
LWWC16176138,11333908,M
LWWC16176139,11333916,M
LWWC16176140,11616936,M
LWWC16176141,14453606,M
LWWC19206054,11616934,M
LWWC19206056,9192445,M
LWWC19206065,9192435,M
LWWC19206089,9192447,M
LWWC19206099,11616918,M
LWWC19206109,11616926,M
LWWC19206110,11616930,M
LWWC19206113,9192457,M
LWWC19206120,11616924,M
LWWC19206121,11616932,M
LWWC20216001,14136006,M
LWWC20216040,14136008,M
LWWC20216075,14136000,M
LWWC20216094,13168678,M
LWWC20216106,14136004,M
LWWC20216128,14136002,M
LWWC2101,14162158,M
LWWC2102,14432302,M
LWWC2104,15544500,M
LWWP2101,14371548,M
LWSB19203019B,SDL195490127,SD
LWOB16171123C,SDL432037858,SD
LWDB20214099,SDL447342892,SD
LWSB16173019,SDL079991245,SD
LWHK2020105,SDL620658674,SD
LWOB202104,SDL098372178,SD
LWHK2021101,SDL039058156,SD
LWDB20214098,SDL464232316,SD
LWOB16171124,SDL476917408,SD
LWHK2021105,SDL018288244,SD
LWSB19203026,SDL864497628,SD
LWSB16173008,SDL213730058,SD
LWHK2021102,SDL062985197,SD
LWHK2020101,SDL422544756,SD
LWWC19206091,SDL568452355,SD
LWSB21501,SDL782871585,SD
LWSB16173010,SDL601867562,SD
LWDB19204062,SDL642576022,SD
LWSB19203016,SDL321052458,SD
LWSB19203025,SDL874880336,SD
LWSB1010,SDL069288692,SD
LWSB02,SDL040469367,SD
LWOB19201079,SDL003648833,SD
LWHK2020106,SDL256795516,SD
LWDB19204089,SDL505401936,SD
FLYOB1122C,SDL721246772,SD
LWSB19203024,SDL859206228,SD
LWSB16173018,SDL356400708,SD
LWOB202103,SDL083151325,SD
FLYOB202108,SDL029195414,SD
LWWC19206105,SDL568357702,SD
LWHK2020102,SDL618930930,SD
LWDB19204084,SDL264187165,SD
LWDB4014,SDL804237289,SD
LWDB20204060,SDL090777042,SD
LWSB19203010,SDL274258740,SD
LWOB19201080,SDL022709719,SD
LWSB101,SDL059003883,SD
LWOB16171125,SDL429928700,SD
FLYSB2002105,SDL052965968,SD
LWOB20201124,SDL773034059,SD
lwwc16176077,SDL793265439,SD
FLYDB224004,SDL260597120,SD
LWSB19203021,SDL908994740,SD
LWBP20213014,SDL530325112,SD
LWWC16176104,SDL241140699,SD
FLYSB2002101,SDL071979704,SD
LWBP20213011,SDL911384126,SD
FLYSB2002102,SDL048850206,SD
LWMB009,SDL038863341,SD
LWHK2021106,SDL043208962,SD
LWBP3088,SDL112084604,SD
FLYDB224005,SDL208075022,SD
LWOB16171122,SDL800868684,SD
LWBP20213012,SDL845007537,SD
LWOB1121C,SDL464888013,SD
LWOB19201078,SDL785797011,SD
LWOB16171121,SDL492255389,SD
LWSB215102,SDL634382499,SD
LWSB109,SDL070653986,SD
LWSB10101,SDL148510093,SD
FLYOB202110,SDL706381820,SD
lwwc16176059,SDL462516602,SD
LWOB20201122,SDL161519962,SD
LWOB16171151,SDL468643305,SD
LWBP19203067,SDL925558300,SD
LWHK2020104,SDL608391193,SD
FLYBP202102,SDL919691276,SD
LWOB20201120,SDL959950067,SD
LWBP20213016,SDL661162266,SD
FLYDB20214002,SDL673379363,SD
LWOB19201132,SDL390461496,SD
50LWGW2222,SDL705294814,SD
FLYDB20214003,SDL670726443,SD
LWDB214103,SDL535021374,SD
50LWGW2217,SDL409933627,SD
FLYOB202107,SDL989433452,SD
LWDB16174096,SDL456935297,SD
34LWGW2222,SDL671303753,SD
LWMB008,SDL945844369,SD
LWOB19201084,SDL683482141,SD
34LWGW2203,SDL495336903,SD
FLYSB2002104,SDL055059106,SD
LWBP20213015,SDL663170689,SD
LWWC16176094,SDL218063457,SD
LWTP2002104,SDL432626243,SD
LWBP19203084,SDL085745328,SD
32LWGW2203,SDL504229390,SD
LWOB16171123,SDL032491583,SD
32LWGW2218,SDL902393203,SD
36LWGW2218,SDL906139263,SD
FLYBP202103,SDL782004621,SD
50LWGW2203,SDL519055913,SD
50LWGW2218,SDL910282062,SD
FLYBP202104,SDL808576499,SD
32LWGW2222,SDL673045907,SD
34LWGW2218,SDL907300628,SD
LWOB20201123,SDL682420230,SD
36LWGW2203,SDL505576072,SD
LWWC19206059,SDL011496322,SD
FLYOB202102,SDL433325550,SD
LWDB214102,SDL484128535,SD
LGOB08,SDL439931299,SD
LWSB215002,SDL583637821,SD
36LWGW2222,SDL685832338,SD
LWOB19201082,SDL414444309,SD
46LWGW2222,SDL719632353,SD
LWWC19206114,SDL564965756,SD
LWSB104,SDL845756509,SD
38LWGW2222,SDL664322639,SD
40LWGW2217,SDL398152052,SD
34LWGW2217,SDL404900593,SD
LWWC16176107,SDL154161044,SD
lwwc16176075,SDL440066604,SD
FLYTP2101,SDL829931851,SD
LGW6117,SDL351195255,SD
LWSB19203022,SDL110253057,SD
LGOB02,SDL022971924,SD
FLYOB202105,SDL930939647,SD
42LWGW2222,SDL681329123,SD
36LWGW2217,SDL392311393,SD
LWSB19203023,SDL875200884,SD
30LWGW2203,SDL448302967,SD
30LWGW2218,SDL902264164,SD
FLYOB202109,SDL522136149,SD
44LWGW2222,SDL670287481,SD
LWWC16171121,SDL564055968,SD
LWOB19201083,SDL437438878,SD
LGOB01,SDL678343463,SD
40LWGW2222,SDL696727816,SD
38LWGW2217,SDL390392991,SD
LWWC16176117,SDL868462458,SD
30LWGW2222,SDL663309122,SD
42LWGW2217,SDL402346148,SD
44LWGW2218,SDL928657846,SD
38LWGW2203,SDL484120469,SD
48LWGW2203,SDL517198451,SD
32LWGW2217,SDL401313243,SD
46LWGW2218,SDL909760142,SD
48LWGW2217,SDL402701770,SD
LWTP202104,SDL640766253,SD
38LWGW2218,SDL912491391,SD
30LWGW2217,SDL389780735,SD
LWPH16172002,SDL356347511,SD
40LWGW2218,SDL923757944,SD
46LWGW2217,SDL396123502,SD
44LWGW2217,SDL416395843,SD
LWHK2207,SDL097871437,SD
LWWC16176112,SDL828816969,SD
FLYOB202103,SDL434300877,SD
LWWC16176115,SDL324777138,SD
48LWGW2222,SDL687911229,SD
LWTP2102,SDL850986104,SD
LWHK2021104,SDL032817972,SD
46LWGW2203,SDL531002056,SD
48LWGW2218,SDL930482494,SD
50LWGW2216,SDL912551642,SD
40LWGW2203,SDL483155402,SD
42LWGW2203,SDL467450726,SD
LWWC16176113,SDL677723854,SD
44LWGW2203,SDL522010322,SD
LWDB20214097,SDL352397768,SD
LWBP20213032,SDL079013759,SD
36LWGW2216,SDL896666162,SD
LWDB22100,SDL579989895,SD
40LWGW2205,SDL545685868,SD
42LWGW2218,SDL923984849,SD
LWTP202102,SDL701619682,SD
34LWGW2223,SDL785548947,SD
LWOB19201083B,SDL173009173,SD
32LWGW2223,SDL723359706,SD
50LWGW2223,SDL900797306,SD
48LWGW2216,SDL941199063,SD
36LWGW2221,SDL179955369,SD
32LWGW2205,SDL540842943,SD
44LWGW2216,SDL923867239,SD
40LWGW2216,SDL856925241,SD
38LWGW2213,SDL051892626,SD
34LWGW2205,SDL599546831,SD
LWBP20213004,SDL279650106,SD
LWBP20213029,SDL363461533,SD
36LWGW2212,SDL300610799,SD
32LWGW2221,SDL177881609,SD
34LWGW2216,SDL875076436,SD
36LWGW2223,SDL733431188,SD
38LWGW2223,SDL737959282,SD
30LWGW2219,SDL066879916,SD
LWWC19206106,SDL559679513,SD
40LWGW2223,SDL829315760,SD
30LWGW2221,SDL171332363,SD
38LWGW2201,SDL598667452,SD
50LWGW2221,SDL188792624,SD
30LWGW2205,SDL550089646,SD
36LWGW2207,SDL405498387,SD
40LWGW2202,SDL464323792,SD
LWGW2223,SDL776195399,SD
50LWGW2215,SDL252532496,SD
50LWGW2226,SDL246161161,SD
38LWGW2216,SDL850165799,SD
34LWGW2221,SDL174411896,SD
38LWGW2212,SDL293877999,SD
32LWGW2213,SDL054687399,SD
42LWGW2212,SDL293735661,SD
40LWGW2212,SDL311085786,SD
30LWGW2223,SDL753565161,SD
30LWGW2202,SDL384224168,SD
LWBP20213007,SDL591650939,SD
LWBP20213033,SDL059464259,SD
LWGW2208,SDL690123521,SD
50LWGW2213,SDL107731307,SD
48LWGW2223,SDL824515733,SD
32LWGW2212,SDL285646092,SD
50LWGW2211,SDL003543153,SD
40LWGW2206,SDL982534381,SD
38LWGW2205,SDL563647246,SD
36LWGW2204,SDL586886738,SD
32LWGW2216,SDL842178460,SD
48LWGW2221,SDL189192433,SD
40LWGW2221,SDL185569589,SD
32LWGW2215,SDL203121674,SD
32LWGW2219,SDL142675139,SD
LWBP20213001,SDL507164079,SD
34LWGW2214,SDL832001262,SD
50LWGW2224,SDL917082706,SD
42LWGW2223,SDL817402608,SD
44LWGW2213,SDL087968599,SD
40LWGW2201,SDL589996068,SD
LWGW2209,SDL777318604,SD
38LWGW2206,SDL017794125,SD
42LWGW2221,SDL185345036,SD
LWGW2225,SDL180596113,SD
44LWGW2223,SDL832886286,SD
34LWGW2225,SDL978824975,SD
40LWGW2204,SDL627853644,SD
32LWGW2202,SDL387419926,SD
50LWGW2242,SDL450983222,SD
50LWGW2212,SDL306793791,SD
38LWGW2219,SDL088820758,SD
48LWGW2219Q,SDL225278377,SD
40LWGW2219,SDL227979610,SD
36LWGW2219,SDL167433890,SD
30LWGW2216,SDL835849324,SD
36LWGW2205,SDL556480052,SD
46LWGW2216,SDL885306218,SD
46LWGW2219,SDL156263482,SD
LWPH16172004,SDL891652258,SD
32LWGW2214,SDL845944725,SD
LWBP20213006,SDL935460043,SD
30LB2201,SDL870759616,SD
48LWGW2212,SDL325507970,SD
40LWGW2213,SDL069145775,SD
38LWGW2220,SDL844667006,SD
38LWGW2202,SDL432186080,SD
32LWGW2201,SDL582934062,SD
36LWGW2213,SDL054637810,SD
LWGW2224,SDL073944384,SD
46LWGW2223,SDL754595414,SD
FLYWP2203,SDL034253465,SD
32LWGW2224,SDL842808733,SD
40LWGW2220,SDL844043929,SD
46LWGW2213,SDL113350502,SD
50LWGW2245,SDL149213574,SD
38LWGW2221,SDL187927392,SD
FLYWP2202,SDL033727012,SD
FLYSB202108,SDL023120708,SD
34LWGW2211,SDL978972257,SD
32LWGW2220,SDL830541242,SD
48LWGW2224,SDL957051579,SD
42LWGW2225,SDL065314153,SD
32LWGW2225,SDL067699568,SD
50LWGW2220,SDL849097251,SD
50LWGW2225,SDL161701947,SD
40LWGW2224,SDL925134711,SD
46LWGW2212,SDL312479268,SD
42LWGW2216,SDL922413554,SD
48LWGW2211,SDL000679792,SD
34LWGW2206,SDL021792400,SD
34LWGW2224,SDL876742458,SD
32LWGW2206,SDL968706459,SD
36LWGW2225,SDL172937527,SD
42LWGW2211,SDL977439679,SD
34LWGW2204,SDL614549017,SD
38LWGW2204,SDL617458919,SD
32LWGW2204,SDL608151747,SD
50LWGW2244,SDL015679390,SD
LWSB19203025B,SDL692033758,SD
34LWGW2215,SDL183942831,SD
44LWGW2215,SDL223434854,SD
40LWGW2215,SDL186660436,SD
LWWC2102,SDL019535134,SD
34LWGW2219,SDL084207670,SD
38LWGW2226,SDL181425436,SD
LWGW2226,SDL296479866,SD
44LWGW2226,SDL204250887,SD
36LWGW2226,SDL182830701,SD
48LWGW2226,SDL279384956,SD
34LWGW2226,SDL191094067,SD
50LWGW2219,SDL219646277,SD
30LWGW2204,SDL576662751,SD
36LWGW2202,SDL404198525,SD
38LWGW2224,SDL907970651,SD
LWPH16172003,SDL900277443,SD
40LWGW2214,SDL877344988,SD
38LWGW2214,SDL866093472,SD
36LWGW2214,SDL854487454,SD
LWTP202101,SDL879668755,SD
30LWGW2214,SDL819444323,SD
30LWGW2207,SDL382615942,SD
32LWGW2211,SDL951968644,SD
44LWGW2244,SDL001580682,SD
34LWGW2244,SDL002647960,SD
28LWGW2244,SDL943636483,SD
48LWGW2244,SDL007572239,SD
36LWGW2244,SDL005127193,SD
46LWGW2244,SDL015441966,SD
32LWGW2244,SDL960171431,SD
42LWGW2244,SDL013361920,SD
40LWGW2244,SDL005790413,SD
30LWGW2244,SDL978079772,SD
38LWGW2244,SDL002531281,SD
38LWGW2245,SDL163027213,SD
28LWGW2245,SDL084003589,SD
44LWGW2245,SDL186511136,SD
34LWGW2245,SDL152143975,SD
46LWGW2245,SDL141173579,SD
48LWGW2245,SDL204198419,SD
42LWGW2245,SDL216071289,SD
40LWGW2245,SDL194281389,SD
36LWGW2245,SDL184220616,SD
30LWGW2245,SDL113916293,SD
32LWGW2245,SDL153242156,SD
28LWGW2243,SDL499759712,SD
44LWGW2242,SDL446968759,SD
46LWGW2242,SDL443063889,SD
38LWGW2242,SDL437912400,SD
38LWGW2241,SDL694989697,SD
28LWGW2241,SDL687098059,SD
30LWGW2241,SDL694091142,SD
40LWGW2241,SDL684357180,SD
48LWGW2241,SDL697764318,SD
42LWGW2241,SDL687007223,SD
32LWGW2241,SDL690159443,SD
34LWGW2241,SDL693617149,SD
50LWGW2241,SDL690519476,SD
46LWGW2241,SDL691745529,SD
36LWGW2241,SDL687548612,SD
44LWGW2241,SDL695863589,SD
38LWGW2225,SDL015217411,SD
42LWGW2242,SDL445250766,SD
30LWGW2243,SDL486545375,SD
34LWGW2202,SDL389842849,SD
36LWGW2242,SDL415709628,SD
40LWGW2242,SDL428628836,SD
44LWGW2221,SDL189381060,SD
42LWGW2224,SDL879718394,SD
30LWGW2212,SDL288536435,SD
50LWGW2243,SDL557103561,SD
46LWGW2243,SDL567847690,SD
28LWGW2242,SDL413842856,SD
32LWGW2242,SDL425877042,SD
40LWGW2225,SDL178716164,SD
44LWGW2225,SDL087312530,SD
34LWGW2201,SDL584721971,SD
40LWGW2243,SDL557984236,SD
38LWGW2207,SDL409709279,SD
34LWGW2242,SDL422194252,SD
30LWGW2220,SDL830592125,SD
30LWGW2201,SDL581319991,SD
42LWGW2243,SDL501490676,SD
36LWGW2211,SDL952532347,SD
42LWGW2213,SDL063960530,SD
32LWGW2243,SDL527353705,SD
36LWGW2201,SDL590572849,SD
44LWGW2211,SDL987710748,SD
46LWGW2220,SDL849311018,SD
40LWGW2207,SDL399599618,SD
36LWGW2206,SDL983172674,SD
30LWGW2225,SDL972642283,SD
30LWGW2211,SDL935187804,SD
46LWGW2221,SDL181497038,SD
38LWGW2243,SDL516790546,SD
44LWGW2212,SDL312862641,SD
48LWGW2213,SDL017325268,SD
30LWGW2242,SDL410285217,SD
34LWGW2243,SDL533381740,SD
36LWGW2243,SDL486478835,SD
34LWGW2212,SDL303119630,SD
44LWGW2224,SDL934593358,SD
48LWGW2242,SDL450209540,SD
42LWGW2220,SDL851082556,SD
46LWGW2211,SDL986543117,SD
44LWGW2243,SDL527372845,SD
48LWGW2243,SDL500373607,SD
30LWGW2206,SDL959743339,SD
36LWGW2224,SDL905872842,SD
44LWGW2220,SDL850994988,SD
36LWGW2220,SDL837212646,SD
34LWGW2213,SDL105753780,SD
38LWGW2211,SDL984282622,SD
46LWGW2225,SDL136630208,SD
30LWGW2224,SDL837026690,SD
30LWGW2213,SDL056468305,SD
32LWGW2207,SDL390150433,SD
34LWGW2207,SDL403849359,SD
46LWGW2224,SDL931082473,SD
34LWGW2220,SDL832900858,SD
40LWGW2211,SDL974784921,SD
48LWGW2225,SDL149880559,SD
48LWGW2220,SDL841378557,SD
48LWGW2215,SDL237948735,SD
30LWGW2215,SDL174559767,SD
46LWGW2215,SDL226339464,SD
38LWGW2215,SDL221537696,SD
42LWGW2215,SDL199985175,SD
36LWGW2215,SDL228441890,SD
30LWGW2226,SDL180120015,SD
32LWGW2226,SDL236937090,SD
40LWGW2226,SDL194163614,SD
46LWGW2226,SDL272357365,SD
42LWGW2226,SDL196838161,SD
42LWGW2219,SDL151967646,SD
44LWGW2219,SDL117238492,SD
FLYDB20214004,SDL687403353,SD
LWDB19204098,SDL565877262,SD
LWDB19204099,SDL945137871,SD
