ProductID,SKU,Platform,Inventory,TInventory,Benchmark,PlatformID
LWDB_1,LWDB16174096,A,7.0,50.0,10.0,
LWDB_1,LWDB16174096,F,7.0,50.0,10.0,
LWDB_1,LWDB16174096SP,F,7.0,50.0,10.0,
LWDB_1,LWDB16174096,M,7.0,50.0,10.0,13168696
LWDB_1,LWDB16174096,SD,7.0,50.0,10.0,SDL456935297
LWDB_1,LWDB16174096,AJ,8.0,50.0,10.0,462308805001
LWDB_1,B08P8F9BDG,JM,7.0,50.0,10.0,
LWDB_1,LWDB16174096,NK,7.0,50.0,10.0,LEATH00000196
LWDB_2,LWDB19204059,A,1.0,10.0,10.0,
LWDB_2,PRIME-LWDB19204059,A,1.0,10.0,10.0,
LWDB_2,LWDB19204059,F,1.0,10.0,10.0,
LWDB_2,LWDB19204059,M,1.0,10.0,10.0,13074240
LWDB_2,LWDB20204060,SD,1.0,10.0,10.0,SDL090777042
LWDB_2,LWDB19204059,TQ,1.0,10.0,10.0,MP000000013949985
LWDB_2,LWDB19204060,AJ,2.0,10.0,10.0,462328890001
LWDB_2,B081X1DNJ5,JM,1.0,10.0,10.0,
LWDB_2,B082KYH91D,JM,1.0,10.0,10.0,
LWDB_2,LWDB19204059,NK,2.0,10.0,10.0,LEATH00000207
LWDB_3,LWDB19204089,A,5.0,39.0,10.0,
LWDB_3,PRIME-LWDB19204089,A,5.0,39.0,10.0,
LWDB_3,LWDB19204089,F,5.0,39.0,10.0,
LWDB_3,LWDB19204089,M,5.0,39.0,10.0,13074238
LWDB_3,LWDB19204089,SD,4.0,39.0,10.0,SDL505401936
LWDB_3,LWDB19204089,TQ,5.0,39.0,10.0,MP000000013949989
LWDB_3,LWDB19204089,AJ,5.0,39.0,10.0,462327854001
LWDB_3,B08NK29KNK,JM,5.0,39.0,10.0,
LWDB_3,LWDB19204089,NK,5.0,39.0,10.0,LEATH00000206
LWDB_4,LWDB19204061,A,3.0,28.0,10.0,
LWDB_4,PRIME-LWDB19204064,A,3.0,28.0,10.0,
LWDB_4,LWDB19204064,A,3.0,28.0,10.0,
LWDB_4,PRIME-LWDB19204061,A,3.0,28.0,10.0,
LWDB_4,LWDB19204061,F,4.0,28.0,10.0,
LWDB_4,LWDB19204064,F,4.0,28.0,10.0,
LWDB_4,LWDB19204061SP,F,4.0,28.0,10.0,
LWDB_4,LWDB19204064,M,3.0,28.0,10.0,13074236
LWDB_4,LWDB19204061,SD,3.0,28.0,10.0,
LWDB_4,LWDB19204061,TQ,4.0,28.0,10.0,MP000000013950001
LWDB_4,LWDB19204061,AJ,4.0,28.0,10.0,462364273001
LWDB_4,B082KYV571,JM,3.0,28.0,10.0,
LWDB_4,B082KYJ5KR,JM,3.0,28.0,10.0,
LWDB_4,LWDB19204064,NK,4.0,28.0,10.0,LEATH00000205
LWDB_5,LWDB19204084,A,2.0,16.0,10.0,
LWDB_5,"        
PRIME -LWDB19204084",A,2.0,16.0,10.0,
LWDB_5,LWDB19204084,F,2.0,16.0,10.0,
LWDB_5,LWDB19204084SP,F,2.0,16.0,10.0,
LWDB_5,LWDB16174084,M,2.0,16.0,10.0,
LWDB_5,LWDB19204084,M,2.0,16.0,10.0,11438640
LWDB_5,LWDB19204084,SD,2.0,16.0,10.0,SDL264187165
LWDB_5,LWDB19204084,TQ,2.0,16.0,10.0,MP000000013950000
LWDB_5,LWDB19204084,AJ,2.0,16.0,10.0,462329710001
LWDB_5,B0847L4798,JM,2.0,16.0,10.0,
LWDB_5,B0847L3MMY,JM,2.0,16.0,10.0,
LWDB_5,B081XBDXL1,JM,2.0,16.0,10.0,
LWDB_5,LWDB19204084,NK,2.0,16.0,10.0,LEATH00000204
LWDB_6,LWDB16174098,A,1.0,11.0,10.0,
LWDB_6,LWDB20214098,F,2.0,11.0,10.0,
LWDB_6,LWDB16174098,F,2.0,11.0,10.0,
LWDB_6,LWDB224098,F,2.0,11.0,10.0,
LWDB_6,LWDB16174098,M,1.0,11.0,10.0,14005110
LWDB_6,LWDB20214098,SD,1.0,11.0,10.0,SDL464232316
LWDB_6,LWDB224098,TQ,1.0,11.0,10.0,MP000000013949982
LWDB_6,LWDB16174098,AJ,2.0,11.0,10.0,462316625001
LWDB_6,B08ZYSLKMM,JM,1.0,11.0,10.0,
LWDB_6,LWDB16174098,NK,2.0,11.0,10.0,LEATH00000200
LWDB_7,LWDB16174099,A,6.0,47.0,10.0,
LWDB_7,LWDB16174099,F,6.0,47.0,10.0,
LWDB_7,LWDB224099,F,6.0,47.0,10.0,
LWDB_7,LWDB16174099SP,F,6.0,47.0,10.0,
LWDB_7,LWDB20214099,F,6.0,47.0,10.0,
LWDB_7,LWDB16174099,M,6.0,47.0,10.0,14005112
LWDB_7,LWDB20214099,SD,5.0,47.0,10.0,SDL447342892
LWDB_7,LWDB224099,TQ,6.0,47.0,10.0,MP000000013949981
LWDB_7,LWDB20214099,TQ,6.0,47.0,10.0,MP000000013950034
LWDB_7,LWDB16174099,AJ,6.0,47.0,10.0,462364178001
LWDB_7,B08ZYR2K2V,JM,6.0,47.0,10.0,
LWDB_7,LWDB16174099,NK,6.0,47.0,10.0,LEATH00000201
LWDB_8,LWDB214102,A,0.0,0.0,10.0,
LWDB_8,LWDB214102,M,0.0,0.0,10.0,15588202
LWDB_8,LWDB214102,SD,0.0,0.0,10.0,SDL484128535
LWDB_8,LWDB214102,TQ,0.0,0.0,10.0,MP000000013949996
LWDB_8,LWDB214102,AJ,0.0,0.0,10.0,463084566002
LWDB_8,B09FY3X7CB,JM,0.0,0.0,10.0,
LWDB_8,LWDB214102,NK,0.0,0.0,10.0,LEATH00000197
LWDB_9,LWDB20214103,A,3.0,24.0,10.0,
LWDB_9,LWDB214103,F,4.0,24.0,10.0,
LWDB_9,LWDB214103SP,F,4.0,24.0,10.0,
LWDB_9,LWDB214103,M,3.0,24.0,10.0,15588206
LWDB_9,LWDB214103,SD,3.0,24.0,10.0,SDL535021374
LWDB_9,LWDB214103,TQ,3.0,24.0,10.0,MP000000013949997
LWDB_9,LWDB214103,AJ,4.0,24.0,10.0,463084566001
LWDB_9,B09KN4M5QV,JM,3.0,24.0,10.0,
LWDB_10,LWDB16174014,A,1.0,10.0,10.0,
LWDB_10,LWDB19204014,A,1.0,10.0,10.0,
LWDB_10,PRIME-LWDB19204014,A,1.0,10.0,10.0,
LWDB_10,PRIME-LWDB16174014,A,1.0,10.0,10.0,
LWDB_10,LWDB16174014C,F,1.0,10.0,10.0,
LWDB_10,LWDB16174014SP,F,1.0,10.0,10.0,
LWDB_10,LWDB4014/LWDB16174014/LWDB16174014B,M,1.0,10.0,10.0,
LWDB_10,LWDB4014/FLYDB1012,SD,1.0,10.0,10.0,
LWDB_10,LWDB16174014C,TQ,1.0,10.0,10.0,MP000000013949987
LWDB_10,LWDB16174014,AJ,2.0,10.0,10.0,462329704001
LWDB_10,B07SDQSQNX,JM,1.0,10.0,10.0,
LWDB_10,LWDB16174014,NK,2.0,10.0,10.0,LEATH00000195
LWDB_10,LWDB19204014,NK,2.0,10.0,10.0,LEATH00000199
LWDB_11,LWDB214104,A,3.0,26.0,10.0,
LWDB_11,LWDB214104,F,4.0,26.0,10.0,
LWDB_11,LWDB214104SP,F,4.0,26.0,10.0,
LWDB_11,LWDB214104,M,4.0,26.0,10.0,15588204
LWDB_11,LWDB214104,SD,3.0,26.0,10.0,
LWDB_11,LWDB214104,TQ,4.0,26.0,10.0,MP000000013949983
LWDB_11,B09GS4V512,JM,3.0,26.0,10.0,
LWDB_11,LWDB214104,NK,4.0,26.0,10.0,LEATH00000198
LWDB_12,LWDB16174020,A,3.0,24.0,10.0,
LWDB_12,LWDB16174097,A,3.0,24.0,10.0,
LWDB_12,LWDB19204068,A,3.0,24.0,10.0,
LWDB_12,PRIME-LWDB16174020,A,3.0,24.0,10.0,
LWDB_12,PRIME-LWDB19204068,A,3.0,24.0,10.0,
LWDB_12,LWDB20214097,F,4.0,24.0,10.0,
LWDB_12,LWDB16174097,M,3.0,24.0,10.0,14005108
LWDB_12,LWDB20214097,SD,3.0,24.0,10.0,SDL352397768
LWDB_12,LWDB16174097,AJ,4.0,24.0,10.0,462339780001
LWDB_12,B08ZYSTQQ6,JM,3.0,24.0,10.0,
LWDB_12,B082Z3ZS5V,JM,3.0,24.0,10.0,
LWDB_12,LWDB16174097,NK,4.0,24.0,10.0,LEATH00000203
LWDB_13,LWDB22100,A,3.0,14.0,10.0,
LWDB_13,LWDB22100,F,3.0,14.0,10.0,
LWDB_13,LWDB22100,M,3.0,14.0,10.0,19084146
LWDB_13,LWDB22100,SD,3.0,14.0,10.0,SDL579989895
LWDB_14,LWDB19204062,A,4.0,29.0,10.0,
LWDB_14,LWDB4062BINATAN,A,4.0,29.0,10.0,
LWDB_14,PRIME-LWDB19204062,A,4.0,29.0,10.0,
LWDB_14,LWDB19204062,F,5.0,29.0,10.0,
LWDB_14,LWDB20204062SP,F,5.0,29.0,10.0,
LWDB_14,LWDB19204062,M,5.0,29.0,10.0,11176594
LWDB_14,LWDB19204060,M,5.0,29.0,10.0,11176598
LWDB_14,LWDB19204062,SD,4.0,29.0,10.0,SDL642576022
LWDB_14,LWDB19204062,TQ,5.0,29.0,10.0,MP000000013949992
LWDB_14,LWDB19204062,AJ,5.0,29.0,10.0,462363902001
LWDB_15,LWDB19204063,A,2.0,20.0,10.0,
LWDB_15,LWDB20204060,A,2.0,20.0,10.0,
LWDB_15,PRIME-LWDB20204060,A,2.0,20.0,10.0,
LWDB_15,PRIME-LWDB19204063,A,2.0,20.0,10.0,
LWDB_15,LWDB19204063,F,3.0,20.0,10.0,
LWDB_15,LWDB20204063SP,F,3.0,20.0,10.0,
LWDB_15,LWDB22100,M,2.0,20.0,10.0,19084146
LWDB_15,LWDB19204063,M,2.0,20.0,10.0,11176596
LWDB_15,LWDB19204063,SD,2.0,20.0,10.0,
LWDB_15,LWDB19204063,TQ,3.0,20.0,10.0,MP000000013949993
LWDB_15,LWDB19204063,AJ,3.0,20.0,10.0,462364041001
LWDB_15,B082KXC17D,JM,2.0,20.0,10.0,
LWDB_15,LWDB19204063,NK,3.0,20.0,10.0,LEATH00000202
LWDB_16,FLYDB224004,A,8.0,40.0,10.0,
LWDB_16,FLYDB224004,F,8.0,40.0,10.0,
LWDB_16,FLYDB224004SP,F,8.0,40.0,10.0,
LWDB_16,FLYDB224004,M,8.0,40.0,10.0,18853432
LWDB_16,LWDB16174004,M,8.0,40.0,10.0,6708264
LWDB_16,FLYDB224004,SD,8.0,40.0,10.0,SDL260597120
LWDB_16,FLYDB224004,JM,8.0,40.0,10.0,
LWDB_16,FLYDB224004,JM,8.0,40.0,10.0,
LWDB_17,FLYDB224005,A,8.0,40.0,10.0,
LWDB_17,FLYDB224005,F,8.0,40.0,10.0,
LWDB_17,FLYDB224005SP,F,8.0,40.0,10.0,
LWDB_17,FLYDB224005,M,8.0,40.0,10.0,18853434
LWDB_17,FLYDB224005,SD,8.0,40.0,10.0,SDL208075022
LWDB_17,FLYDB224005,JM,8.0,40.0,10.0,
LWDB_18,FLYDB20214001,A,1.0,10.0,10.0,
LWDB_18,PRIME-FLYDB20214001,A,1.0,10.0,10.0,
LWDB_18,FLYDB20214001,F,2.0,10.0,10.0,
LWDB_18,FLYDB20214001SP,F,2.0,10.0,10.0,
LWDB_18,FLYDB20214001,M,1.0,10.0,10.0,13511620
LWDB_18,FLYDB20214001,SD,1.0,10.0,10.0,
LWDB_18,FLYDB20214001,AJ,2.0,10.0,10.0,462491775001
LWDB_18,FLYDB20214001,NK,2.0,10.0,10.0,LEATH00000210
LWDB_19,FLYDB20214002,A,1.0,10.0,10.0,
LWDB_19,PRIME-FLYDB20214002,A,1.0,10.0,10.0,
LWDB_19,FLYDB20214002,F,2.0,10.0,10.0,
LWDB_19,FLYDB20214002SP,F,2.0,10.0,10.0,
LWDB_19,FLYDB20214002,M,1.0,10.0,10.0,13507662
LWDB_19,FLYDB20214002,SD,1.0,10.0,10.0,SDL673379363
LWDB_19,FLYDB20214002,AJ,2.0,10.0,10.0,462491779001
LWDB_19,FLYDB20214002,NK,2.0,10.0,10.0,LEATH00000209
LWDB_20,FLYDB20214003,A,4.0,30.0,10.0,
LWDB_20,PRIME-FLYDB20214003,A,4.0,30.0,10.0,
LWDB_20,FLYDB20214003,F,4.0,30.0,10.0,
LWDB_20,FLYDB20214003SP,F,4.0,30.0,10.0,
LWDB_20,FLYDB20214003,M,4.0,30.0,10.0,13511622
LWDB_20,FLYDB20214003,SD,4.0,30.0,10.0,SDL670726443
LWDB_20,FLYDB20214003,AJ,5.0,30.0,10.0,462491782001
LWDB_20,B08N6PHXDM,JM,4.0,30.0,10.0,
LWDB_20,B08N9Y73DH,JM,4.0,30.0,10.0,
LWDB_20,B08N9Q92PW,JM,4.0,30.0,10.0,
LWDB_20,FLYDB20214003,NK,5.0,30.0,10.0,LEATH00000208
LWHK_1,LWHK2020101,A,4.0,34.0,10.0,
LWHK_1,PRIME-LWHK2020101,A,4.0,34.0,10.0,
LWHK_1,LWHK2020101,F,5.0,34.0,10.0,
LWHK_1,LWHK2020101SP,F,5.0,34.0,10.0,
LWHK_1,LWHK2020101,M,5.0,34.0,10.0,11299038
LWHK_1,LWHK2021101,SD,4.0,34.0,10.0,SDL039058156
LWHK_1,LWHK2020101,SD,4.0,34.0,10.0,SDL422544756
LWHK_1,LWHK2020101,TQ,5.0,34.0,10.0,MP000000013949965
LWHK_1,LWHK2020101,AJ,5.0,34.0,10.0,462417971001
LWHK_1,B0837W9Q6S,JM,5.0,34.0,10.0,
LWHK_2,LWHK2020102,A,2.0,19.0,10.0,
LWHK_2,PRIME-LWHK2020102,A,2.0,19.0,10.0,
LWHK_2,LWHK102YELZIP,A,2.0,19.0,10.0,
LWHK_2,LWHK2020102,F,3.0,19.0,10.0,
LWHK_2,LWHK2020102SP,F,3.0,19.0,10.0,
LWHK_2,LWHK2020102,M,2.0,19.0,10.0,11299040
LWHK_2,LWHK2021102,SD,2.0,19.0,10.0,SDL062985197
LWHK_2,LWHK2020102,SD,2.0,19.0,10.0,SDL618930930
LWHK_2,LWHK2020102,TQ,2.0,19.0,10.0,MP000000013949962
LWHK_2,LWHK2020102,AJ,3.0,19.0,10.0,462418613001
LWHK_2,B0837TDP66,JM,2.0,19.0,10.0,
LWHK_2,B08NYFHBYD,JM,2.0,19.0,10.0,
LWHK_2,LWHK2020102,NK,3.0,19.0,10.0,LEATH00000215
LWHK_3,LWHK2020103,A,5.0,39.0,10.0,
LWHK_3,PRIME-LWHK2020103,A,5.0,39.0,10.0,
LWHK_3,LWHK2020103,F,6.0,39.0,10.0,
LWHK_3,LWHK2020103SP,F,6.0,39.0,10.0,
LWHK_3,LWHK2020103-S,F,6.0,39.0,10.0,
LWHK_3,LWHK1920103,M,5.0,39.0,10.0,11434520
LWHK_3,LWHK2020103,SD,5.0,39.0,10.0,
LWHK_3,LWHK2020103,TQ,6.0,39.0,10.0,MP000000013949960
LWHK_3,LWHK2020103,AJ,6.0,39.0,10.0,462418629001
LWHK_3,LWHK2020103,NK,6.0,39.0,10.0,LEATH00000214
LWHK_4,LWHK2020104,A,0.0,0.0,10.0,
LWHK_4,PRIME-LWHK2020104,A,0.0,0.0,10.0,
LWHK_4,LWHK2020104,F,0.0,0.0,10.0,
LWHK_4,LWHK2020104SP,F,0.0,0.0,10.0,
LWHK_4,LWHK1920104,M,0.0,0.0,10.0,11434516
LWHK_4,LWHK2020104,SD,0.0,0.0,10.0,SDL608391193
LWHK_4,LWHK2021104,SD,0.0,0.0,10.0,SDL032817972
LWHK_4,LWHK2020104,AJ,0.0,0.0,10.0,462418636001
LWHK_4,B083JDCGKW,JM,0.0,0.0,10.0,
LWHK_4,LWHK2020104,NK,0.0,0.0,10.0,LEATH00000213
LWHK_5,LWHK2020105,A,5.0,46.0,10.0,
LWHK_5,PRIME-LWHK2020105,A,5.0,46.0,10.0,
LWHK_5,LWHK2020105,F,6.0,46.0,10.0,
LWHK_5,LWHK2020105SP,F,6.0,46.0,10.0,
LWHK_5,LWHK1920105,M,6.0,46.0,10.0,11434522
LWHK_5,LWHK2020105,SD,5.0,46.0,10.0,SDL620658674
LWHK_5,LWHK2021105,SD,5.0,46.0,10.0,SDL018288244
LWHK_5,LWHK2020105,TQ,6.0,46.0,10.0,MP000000013949961
LWHK_5,LWHK2020105,AJ,6.0,46.0,10.0,462400209001
LWHK_5,B083JDGJ1S,JM,6.0,46.0,10.0,
LWHK_5,LWHK2020105,NK,6.0,46.0,10.0,LEATH00000212
LWHK_6,LWHK2020106,A,3.0,24.0,10.0,
LWHK_6,LWHK2020106,A,3.0,24.0,10.0,
LWHK_6,LWHK2020106,F,3.0,24.0,10.0,
LWHK_6,LWHK2020106SPY,F,3.0,24.0,10.0,
LWHK_6,LWHK1920106,M,3.0,24.0,10.0,11434518
LWHK_6,LWHK2020106,SD,3.0,24.0,10.0,SDL256795516
LWHK_6,LWHK2021106,SD,3.0,24.0,10.0,SDL043208962
LWHK_6,LWHK2020106,TQ,3.0,24.0,10.0,MP000000013949964
LWHK_6,LWHK2020106,AJ,3.0,24.0,10.0,462421213001
LWHK_6,B083JDYBKQ,JM,3.0,24.0,10.0,
LWHK_6,LWHK2020106,NK,3.0,24.0,10.0,LEATH00000211
LWHK_7,LWHK22232207,A,5.0,26.0,10.0,
LWHK_7,LWHK2207,F,5.0,26.0,10.0,
LWHK_7,LWHK2207SP,F,5.0,26.0,10.0,
LWHK_7,LWHK2207,M,5.0,26.0,10.0,20854182
LWHK_7,LWHK2207,SD,5.0,26.0,10.0,SDL097871437
LWHK_7,LWHK2207,AJ,6.0,26.0,10.0,465631157001
LWOB_1,LWOB16171120,A,4.0,31.0,10.0,
LWOB_1,LWOB16171120B,A,4.0,31.0,10.0,
LWOB_1,PRIME-LWOB16171120B,A,4.0,31.0,10.0,
LWOB_1,PRIME-LWOB16171120C,A,4.0,31.0,10.0,
LWOB_1,LWOB16171120,F,5.0,31.0,10.0,
LWOB_1,LWOB16171120B,F,5.0,31.0,10.0,
LWOB_1,LWOB16171120,M,4.0,31.0,10.0,7738833
LWOB_1,LWOB20201120,SD,4.0,31.0,10.0,SDL959950067
LWOB_1,LWOB16171120,TQ,4.0,31.0,10.0,MP000000013950094
LWOB_1,LWOB16171120,AJ,5.0,31.0,10.0,462329286001
LWOB_1,LWOB16171020,NK,5.0,31.0,10.0,LEATH00000154
LWOB_2,LWOB16171121,A,1.0,10.0,10.0,
LWOB_2,LWOB16171121B,A,1.0,10.0,10.0,
LWOB_2,PRIME-LWOB16171121,A,1.0,10.0,10.0,
LWOB_2,PRIME-LWOB16171121B,A,1.0,10.0,10.0,
LWOB_2,LWOB16171121,F,2.0,10.0,10.0,
LWOB_2,LWOB16171121B,F,2.0,10.0,10.0,
LWOB_2,LWOB19201121,M,1.0,10.0,10.0,8962865
LWOB_2,LWOB16171121,M,1.0,10.0,10.0,7744029
LWOB_2,LWOB16171121,SD,1.0,10.0,10.0,SDL492255389
LWOB_2,LWOB1121C,SD,1.0,10.0,10.0,SDL464888013
LWOB_2,LWOB16171121,TQ,1.0,10.0,10.0,MP000000013950091
LWOB_2,LWOB16171121,AJ,2.0,10.0,10.0,462314087001
LWOB_2,LWOB16171121,NK,2.0,10.0,10.0,LEATH00000149
LWOB_3,PRIME-LWOB16171122B,A,10.0,70.0,10.0,
LWOB_3,PRIME-LWOB16171122,A,10.0,70.0,10.0,
LWOB_3,PRIME-LWOB16171147B,A,10.0,70.0,10.0,
LWOB_3,PRIME-LWOB16171147,A,10.0,70.0,10.0,
LWOB_3,LWOB16171122,F,10.0,70.0,10.0,
LWOB_3,LWOB16171122SP,F,10.0,70.0,10.0,
LWOB_3,LWOB16171122B,F,10.0,70.0,10.0,
LWOB_3,OB1122Z,F,10.0,70.0,10.0,
LWOB_3,LWOB19201122 ,M,10.0,70.0,10.0,
LWOB_3, LWOB16171122,M,10.0,70.0,10.0,
LWOB_3,LWOB20201122,SD,10.0,70.0,10.0,SDL161519962
LWOB_3,LWOB16171122,SD,10.0,70.0,10.0,SDL800868684
LWOB_3,FLYOB1122C,SD,10.0,70.0,10.0,SDL721246772
LWOB_3,LWOB16171122,TQ,10.0,70.0,10.0,MP000000013950085
LWOB_3,LWOB16171122,AJ,10.0,70.0,10.0,462364826001
LWOB_3,LWOB16171122,NK,10.0,70.0,10.0,LEATH00000157
LWOB_4,LWOB16171124,A,6.0,39.0,10.0,
LWOB_4,LWOB16171124B,A,6.0,39.0,10.0,
LWOB_4,PRIME-LWOB16171124,A,6.0,39.0,10.0,
LWOB_4,LWOB16171016,A,6.0,39.0,10.0,
LWOB_4,LWBC16174021,A,6.0,39.0,10.0,
LWOB_4,LWOB16171124,F,7.0,39.0,10.0,
LWOB_4,LWOB16171124B,F,7.0,39.0,10.0,
LWOB_4,OB1130Z,F,7.0,39.0,10.0,
LWOB_4,"LWOB16171124
",M,6.0,39.0,10.0,
LWOB_4,,SD,6.0,39.0,10.0,
LWOB_4,LWOB16171124,SD,6.0,39.0,10.0,SDL476917408
LWOB_4,LWOB20201124,SD,6.0,39.0,10.0,SDL773034059
LWOB_4,LWOB16171124,TQ,6.0,39.0,10.0,MP000000013950098
LWOB_4,LWOB16171124,AJ,7.0,39.0,10.0,462314114001
LWOB_4,LWOB16171124,AJ,7.0,39.0,10.0,462314130001
LWOB_5,LWOB16171125,A,5.0,33.0,10.0,
LWOB_5,LWOB20211125,A,5.0,33.0,10.0,
LWOB_5,PRIME-LWOB16171125B,A,5.0,33.0,10.0,
LWOB_5,PRIME-LWOB16171125,A,5.0,33.0,10.0,
LWOB_5,PRIME-LWOB16171021,A,5.0,33.0,10.0,
LWOB_5,LWOB16171125,F,6.0,33.0,10.0,
LWOB_5,LWOB16171125B,F,6.0,33.0,10.0,
LWOB_5,LWOB16171125SHPSY,F,6.0,33.0,10.0,
LWOB_5,"LWOB16171125",M,5.0,33.0,10.0,
LWOB_5,LWOB16171125,SD,5.0,33.0,10.0,SDL429928700
LWOB_5,LWOB16171125,TQ,5.0,33.0,10.0,MP000000013950087
LWOB_5,LWOB16171125B,TQ,5.0,33.0,10.0,MP000000013950077
LWOB_5,LWOB16171125,AJ,6.0,33.0,10.0,462365249001
LWOB_6,LWOB16171132,A,8.0,49.0,10.0,
LWOB_6,LWOB119201132B,A,8.0,49.0,10.0,
LWOB_6,LWOB1132,F,8.0,49.0,10.0,
LWOB_6,LWOB16171132,M,8.0,49.0,10.0,8757893
LWOB_6,LWOB19201132,SD,8.0,49.0,10.0,SDL390461496
LWOB_6,LGOB02,SD,8.0,49.0,10.0,SDL022971924
LWOB_6,LWOB16171132,AJ,9.0,49.0,10.0,462314154001
LWOB_6,LWOB16171132,NK,8.0,49.0,10.0,LEATH00000170
LWOB_7,LWOB16171149,A,6.0,40.0,10.0,
LWOB_7,PRIME-LWOB19201149,A,6.0,40.0,10.0,
LWOB_7,LWOB16171149,F,7.0,40.0,10.0,
LWOB_7,LWOB2021149,M,6.0,40.0,10.0,12699372
LWOB_7,LWOB16171149B,M,6.0,40.0,10.0,11178890
LWOB_7,"LWOB16171149
",M,6.0,40.0,10.0,
LWOB_7,LGOB01,SD,6.0,40.0,10.0,SDL678343463
LWOB_7,LWOB16171149,AJ,7.0,40.0,10.0,462314346001
LWOB_7,LWOB19201149,NK,7.0,40.0,10.0,LEATH00000159
LWOB_8,FLYOB202110,A,5.0,30.0,10.0,
LWOB_8,FLYOB202110,F,5.0,30.0,10.0,
LWOB_8,FLYOB202110,M,5.0,30.0,10.0,14576348
LWOB_8,FLYOB202110,SD,5.0,30.0,10.0,SDL706381820
LWOB_8,FLYOB202110,AJ,5.0,30.0,10.0,462586826001
LWOB_8,B097DDNN7Q,JM,5.0,30.0,10.0,
LWOB_9,LWOB19201080,A,4.0,34.0,10.0,
LWOB_9,LWOB16171145,A,4.0,34.0,10.0,
LWOB_9,PRIME-LWOB19201080,A,4.0,34.0,10.0,
LWOB_9,PRIME-LWOB16171145,A,4.0,34.0,10.0,
LWOB_9,LWOB16171034,A,4.0,34.0,10.0,
LWOB_9,LWOB19201080,F,5.0,34.0,10.0,
LWOB_9,LWOB19201080SPY,F,5.0,34.0,10.0,
LWOB_9,LWOB19201080,M,5.0,34.0,10.0,11463334
LWOB_9,LWOB19201080,SD,4.0,34.0,10.0,SDL022709719
LWOB_9,LWOB19201080,TQ,5.0,34.0,10.0,MP000000013950125
LWOB_9,LWOB16171080,AJ,5.0,34.0,10.0,462365013001
LWOB_9,    LWOB19201080,NK,5.0,34.0,10.0,
LWOB_10,LWOB16171123,A,4.0,33.0,10.0,
LWOB_10,LWOB19201123C,A,4.0,33.0,10.0,
LWOB_10,PRIME-LWOB16171123,A,4.0,33.0,10.0,
LWOB_10,PRIME-LWOB19201123C,A,4.0,33.0,10.0,
LWOB_10,LWOB16171123,F,5.0,33.0,10.0,
LWOB_10,LWOB16171123B,F,5.0,33.0,10.0,
LWOB_10,"LWOB16171123",M,5.0,33.0,10.0,
LWOB_10,LWOB16171123,SD,4.0,33.0,10.0,SDL032491583
LWOB_10,LWOB20201123,SD,4.0,33.0,10.0,SDL682420230
LWOB_10,LGOB08,SD,4.0,33.0,10.0,SDL439931299
LWOB_10,LWOB16171123B,TQ,5.0,33.0,10.0,MP000000013950081
LWOB_10,LWOB16171123,TQ,5.0,33.0,10.0,MP000000013950095
LWOB_10,LWOB16171123,AJ,5.0,33.0,10.0,462314261001
LWOB_10,LWOB16171123,NK,5.0,33.0,10.0,LEATH00000151
LWOB_10,LWOB19201123,NK,5.0,33.0,10.0,LEATH00000152
LWOB_11,LWOB19201078,A,4.0,34.0,10.0,
LWOB_11,PRIME-,A,4.0,34.0,10.0,
LWOB_11,LWOB19201078,A,4.0,34.0,10.0,
LWOB_11,LWOB19201078,F,5.0,34.0,10.0,
LWOB_11,LWOB19201078,M,5.0,34.0,10.0,11463322
LWOB_11,LWOB19201078,SD,4.0,34.0,10.0,SDL785797011
LWOB_11,LWOB19201078,TQ,5.0,34.0,10.0,MP000000013950128
LWOB_11,LWOB19201078,AJ,5.0,34.0,10.0,462418329001
LWOB_11,LWOB19201078,NK,5.0,34.0,10.0,LEATH00000155
LWOB_12,LWOB19201079,A,3.0,23.0,10.0,
LWOB_12,PRIME-LWOB19201079,A,3.0,23.0,10.0,
LWOB_12,LWOB19201079,F,3.0,23.0,10.0,
LWOB_12,LWOB19201079SP,F,3.0,23.0,10.0,
LWOB_12,LWOB19201079,M,3.0,23.0,10.0,11463342
LWOB_12,LWOB19201079,SD,3.0,23.0,10.0,SDL003648833
LWOB_12,LWOB19201079,TQ,3.0,23.0,10.0,MP000000013950121
LWOB_12,LWOB16171079,AJ,4.0,23.0,10.0,462314343001
LWOB_12,LWOB19201079,AJ,4.0,23.0,10.0,462418269001
LWOB_12,LWOB19201079,NK,4.0,23.0,10.0,LEATH00000150
LWOB_13,LWOB19201083,A,5.0,36.0,10.0,
LWOB_13,PRIME-LWOB19201083,A,5.0,36.0,10.0,
LWOB_13,LWOB19201083,F,5.0,36.0,10.0,
LWOB_13,LWOB19201083SP,F,5.0,36.0,10.0,
LWOB_13,LWOB19201083,M,5.0,36.0,10.0,11463326
LWOB_13,LWOB19201083,SD,5.0,36.0,10.0,SDL437438878
LWOB_13,LWOB19201083B,SD,5.0,36.0,10.0,SDL173009173
LWOB_13,LWOB19201083,TQ,5.0,36.0,10.0,MP000000013950119
LWOB_13,LWOB19201083,AJ,6.0,36.0,10.0,462422847001
LWOB_13,LWOB19201083,NK,5.0,36.0,10.0,LEATH00000153
LWOB_14,LWOB19201084,A,5.0,35.0,10.0,
LWOB_14,PRIME-LWOB19201084,A,5.0,35.0,10.0,
LWOB_14,LWOB19201084,F,5.0,35.0,10.0,
LWOB_14,LWOB19201084,M,5.0,35.0,10.0,11463338
LWOB_14,LWOB19201084,SD,5.0,35.0,10.0,SDL683482141
LWOB_14,LWOB19201084,TQ,5.0,35.0,10.0,MP000000013950115
LWOB_14,LWOB16171084,AJ,5.0,35.0,10.0,462365185001
LWOB_14,LWOB19201084,AJ,5.0,35.0,10.0,462418267001
LWOB_14,LWOB19201084,NK,5.0,35.0,10.0,LEATH00000158
LWOB_15,LWOB16171151,A,5.0,44.0,10.0,
LWOB_15,PRIME-LWOB16171151,A,5.0,44.0,10.0,
LWOB_15,LWOB16171151,F,6.0,44.0,10.0,
LWOB_15,LWOB16171151SPY,F,6.0,44.0,10.0,
LWOB_15,LWOB16171151,M,5.0,44.0,10.0,13073690
LWOB_15,LWOB16171151,SD,5.0,44.0,10.0,SDL468643305
LWOB_15,LWOB16171151,TQ,6.0,44.0,10.0,MP000000013950113
LWOB_15,LWOB16171151,AJ,6.0,44.0,10.0,462364914001
LWOB_15,B08NPC715D,JM,5.0,44.0,10.0,
LWOB_15,LWOB16171151,NK,6.0,44.0,10.0,LEATH00000160
LWOB_16,LWOB202103,A,1.0,11.0,10.0,
LWOB_16,PRIME-LWOB16171007,A,1.0,11.0,10.0,
LWOB_16,LWOB202103,F,2.0,11.0,10.0,
LWOB_16,LWOB202103SP,F,2.0,11.0,10.0,
LWOB_16,LWOB202103,M,1.0,11.0,10.0,14626346
LWOB_16,LWOB202103,SD,1.0,11.0,10.0,SDL083151325
LWOB_16,LWOB2021004,TQ,1.0,11.0,10.0,
LWOB_16,LWOB202103,TQ,1.0,11.0,10.0,MP000000013950110
LWOB_16,LWOB202103,AJ,2.0,11.0,10.0,462590633001
LWOB_16,B097JWGZ7N,JM,1.0,11.0,10.0,
LWOB_16,LWOB202103,NK,2.0,11.0,10.0,LEATH00000147
LWOB_17,LWOB202104,A,2.0,19.0,10.0,
LWOB_17,PRIME-LWOB16171002,A,2.0,19.0,10.0,
LWOB_17,LWOB104TAN,A,2.0,19.0,10.0,
LWOB_17,LWOB202104,F,3.0,19.0,10.0,
LWOB_17,LWOB202104,M,3.0,19.0,10.0,14626348
LWOB_17,LWOB202104,SD,2.0,19.0,10.0,SDL098372178
LWOB_17,LWOB202104,TQ,3.0,19.0,10.0,MP000000013950109
LWOB_17,B097JY8TGT,JM,2.0,19.0,10.0,
LWOB_17,LWOB202104,NK,3.0,19.0,10.0,LEATH00000148
LWOB_18,LWOB1920111,A,3.0,13.0,10.0,
LWOB_18,PRIME-LWOB19201119,A,3.0,13.0,10.0,
LWOB_18,LWOB16171119,M,3.0,13.0,10.0,8757895
LWOB_18,LWOB20201119/LWOB09/LWOB16171119,SD,3.0,13.0,10.0,
LWOB_18,LWOB16176119,TQ,3.0,13.0,10.0,MP000000013950076
LWOB_19,FLYOB202108,A,11.0,44.0,10.0,
LWOB_19,FLYOB202108,F,11.0,44.0,10.0,
LWOB_19,FLYOB202108,M,11.0,44.0,10.0,14576350
LWOB_19,FLYOB202108,SD,11.0,44.0,10.0,SDL029195414
LWOB_20,FLYOB202107,A,6.0,40.0,10.0,
LWOB_20,FLYOB202107,F,7.0,40.0,10.0,
LWOB_20,FLYOB202107,M,6.0,40.0,10.0,14576356
LWOB_20,FLYOB202107,SD,6.0,40.0,10.0,SDL989433452
LWOB_20,FLYOB202107,AJ,7.0,40.0,10.0,462581826001
LWOB_20,B097BM2K15,JM,6.0,40.0,10.0,
LWOB_21,LWOB19201072,A,8.0,41.0,10.0,
LWOB_21,LWOB16171141,A,8.0,41.0,10.0,
LWOB_21,LWOB16171141B,A,8.0,41.0,10.0,
LWOB_21,PRIME-LWOB16171141B,A,8.0,41.0,10.0,
LWOB_21,PRIME-LWOB19201072,A,8.0,41.0,10.0,
LWOB_21,LWOB19201072,F,8.0,41.0,10.0,
LWOB_21,LWOB16171143B,F,8.0,41.0,10.0,
LWOB_21,LWOB19201072,M,8.0,41.0,10.0,11495026
LWOB_21,LWOB16171072,AJ,9.0,41.0,10.0,462364898001
LWOB_21,LWOB19201072,AJ,9.0,41.0,10.0,462418315001
LWOB_21,LWOB19201072,NK,8.0,41.0,10.0,LEATH00000169
LWOB_22,LWOB19201071,A,9.0,45.0,10.0,
LWOB_22,LWOB16171143B,A,9.0,45.0,10.0,
LWOB_22,LWOB16171143,A,9.0,45.0,10.0,
LWOB_22,PRIME-LWOB16171143B,A,9.0,45.0,10.0,
LWOB_22,PRIME-LWOB19201071,A,9.0,45.0,10.0,
LWOB_22,LWOB19201071,F,9.0,45.0,10.0,
LWOB_22,LWOB19201071,M,9.0,45.0,10.0,11495020
LWOB_22,LWOB19201071,TQ,9.0,45.0,10.0,MP000000013950129
LWOB_22,LWOB19201071,AJ,9.0,45.0,10.0,462418280001
LWOB_23,LWOB19201082,A,5.0,32.0,10.0,
LWOB_23,PRIME-LWOB19201082,A,5.0,32.0,10.0,
LWOB_23,LWOB19201082,F,5.0,32.0,10.0,
LWOB_23,LWOB19201082,M,5.0,32.0,10.0,11463344
LWOB_23,LWOB19201082,SD,5.0,32.0,10.0,SDL414444309
LWOB_23,LWOB19201082,TQ,5.0,32.0,10.0,MP000000013950124
LWOB_23,LWOB19201082,AJ,6.0,32.0,10.0,462418282001
LWOB_24,FLYOB202101,A,3.0,16.0,10.0,
LWOB_24,FLYOB202101,M,3.0,16.0,10.0,14150466
LWOB_24,FLYOB202101,SD,3.0,16.0,10.0,
LWOB_24,FLYOB202101,AJ,4.0,16.0,10.0,462587952001
LWOB_24,B08YZ56YMH,JM,3.0,16.0,10.0,
LWOB_25,FLYOB202109,A,5.0,33.0,10.0,
LWOB_25,FLYOB202109,F,6.0,33.0,10.0,
LWOB_25,FLYOB202109,M,5.0,33.0,10.0,14576352
LWOB_25,FLYOB202109,SD,5.0,33.0,10.0,SDL522136149
LWOB_25,FLYOB202109,AJ,6.0,33.0,10.0,462581881001
LWOB_25,B097DC9LSD,JM,5.0,33.0,10.0,
LWOB_26,LWOB19201070,A,4.0,18.0,10.0,
LWOB_26,LWOB16171142B,A,4.0,18.0,10.0,
LWOB_26,LWOB19201070SLIM,A,4.0,18.0,10.0,
LWOB_26,LWOB16171142,A,4.0,18.0,10.0,
LWOB_26,PRIME-LWOB16171142B,A,4.0,18.0,10.0,
LWOB_26,PRIME-LWOB19201070,A,4.0,18.0,10.0,
LWOB_26,LWOB16171142,A,4.0,18.0,10.0,
LWOB_26,LWOB19201070,M,4.0,18.0,10.0,11495024
LWOB_26,LWOB19201070,AJ,5.0,18.0,10.0,462418304001
LWOB_26,LWOB19201070,NK,5.0,18.0,10.0,LEATH00000164
LWOB_27,FLYOB202103,A,7.0,29.0,10.0,
LWOB_27,LWOB16171132B,M,7.0,29.0,10.0,10639012
LWOB_27,FLYOB202103,SD,7.0,29.0,10.0,SDL434300877
LWOB_27,B08Z3TCPXD,JM,7.0,29.0,10.0,
LWOB_27,B08Z3JCMW2,JM,7.0,29.0,10.0,
LWOB_28,FLYOB202114,A,7.0,22.0,10.0,
LWOB_28,FLYOB202114,F,7.0,22.0,10.0,
LWOB_28,FLYOB202114,M,7.0,22.0,10.0,19466276
LWOB_29,FLYOB202113,A,5.0,16.0,10.0,
LWOB_29,FLYOB202113,F,5.0,16.0,10.0,
LWOB_29,FLYOB202113,M,5.0,16.0,10.0,19466274
LWOB_30,FLYOB202106,A,5.0,33.0,10.0,
LWOB_30,FLYOB202106,F,6.0,33.0,10.0,
LWOB_30,FLYOB202106,M,5.0,33.0,10.0,14150464
LWOB_30,FLYOB202106,SD,5.0,33.0,10.0,
LWOB_30,FLYOB202106,AJ,6.0,33.0,10.0,462587916002
LWOB_30,B08ZJ8CZCM,JM,5.0,33.0,10.0,
LWOB_31,FLYOB202105,A,0.0,0.0,10.0,
LWOB_31,FLYOB202105,F,0.0,0.0,10.0,
LWOB_31,FLYOB202105,M,0.0,0.0,10.0,14150470
LWOB_31,FLYOB202105,SD,0.0,0.0,10.0,SDL930939647
LWOB_31,FLYOB202105,AJ,0.0,0.0,10.0,462587916003
LWOB_31,B08ZDFVQ4V,JM,0.0,0.0,10.0,
LWOB_31,B08ZDH3PKC,JM,0.0,0.0,10.0,
LWOB_32,FLYOB202104,A,7.0,30.0,10.0,
LWOB_32,FLYOB202104,M,7.0,30.0,10.0,14150474
LWOB_32,FLYOB202104,SD,7.0,30.0,10.0,
LWOB_32,FLYOB202104,AJ,8.0,30.0,10.0,462587916001
LWSB_1,LWSB19203008B,A,6.0,40.0,10.0,
LWSB_1,PRIME-LWSB16173008,A,6.0,40.0,10.0,
LWSB_1,PRIME-LWSB19203008,A,6.0,40.0,10.0,
LWSB_1,PRIME-LWSB16173008B,A,6.0,40.0,10.0,
LWSB_1,PRIME-LWSB19203008B,A,6.0,40.0,10.0,
LWSB_1,LWSB16173008,F,7.0,40.0,10.0,
LWSB_1,LWSB16173008B,F,7.0,40.0,10.0,
LWSB_1,LWSB16173008SP,F,7.0,40.0,10.0,
LWSB_1,LWSB30156,F,7.0,40.0,10.0,
LWSB_1,LWSB16173008,M,6.0,40.0,10.0,11557750
LWSB_1,LWSB16173008,SD,6.0,40.0,10.0,SDL213730058
LWSB_1,LWSB20213008,TQ,7.0,40.0,10.0,
LWSB_1,LWSB16173008,TQ,7.0,40.0,10.0,MP000000013950042
LWSB_1,LWSB19203008,NK,7.0,40.0,10.0,LEATH00000173
LWSB_1,LWSB16173008,NK,7.0,40.0,10.0,LEATH00000181
LWSB_2,LWSB16173010,A,4.0,27.0,10.0,
LWSB_2,LWSB16173010B,A,4.0,27.0,10.0,
LWSB_2,LWSB19203010B,A,4.0,27.0,10.0,
LWSB_2,PRIME-LWSB16173010,A,4.0,27.0,10.0,
LWSB_2,PRIME-LWSB16173010B,A,4.0,27.0,10.0,
LWSB_2,PRIME-LWSB19203010B,A,4.0,27.0,10.0,
LWSB_2,LWSB16173010,F,5.0,27.0,10.0,
LWSB_2,LWSB16173010B,F,5.0,27.0,10.0,
LWSB_2,LWSB16173010SP,F,5.0,27.0,10.0,
LWSB_2,LWSB1090,F,5.0,27.0,10.0,
LWSB_2,LWSB16173010,M,4.0,27.0,10.0,12164776
LWSB_2,LWSB16173010,SD,4.0,27.0,10.0,SDL601867562
LWSB_2,LWSB20213010,AJ,5.0,27.0,10.0,462291064001
LWSB_2,LWSB16173010,NK,5.0,27.0,10.0,LEATH00000191
LWSB_3,LWSB16173015,A,2.0,20.0,10.0,
LWSB_3,LWSB16173015B,A,2.0,20.0,10.0,
LWSB_3,PRIME-LWSB16173015B,A,2.0,20.0,10.0,
LWSB_3,PRIME-LWSB19203015B,A,2.0,20.0,10.0,
LWSB_3,PRIME-LWSB16173015,A,2.0,20.0,10.0,
LWSB_3,LWSB16173015,F,3.0,20.0,10.0,
LWSB_3,LWSB16173015SP,F,3.0,20.0,10.0,
LWSB_3,LWSB213015SP,F,3.0,20.0,10.0,
LWSB_3,LWSB16173015,M,2.0,20.0,10.0,9273943
LWSB_3,LWSB16173015B,M,2.0,20.0,10.0,11557748
LWSB_3,LWSB16173015,SD,2.0,20.0,10.0,
LWSB_3,LWSB16173015,TQ,3.0,20.0,10.0,MP000000013950050
LWSB_3,LWSB20213015,AJ,3.0,20.0,10.0,462218089001
LWSB_3,B01K9MZPMG,JM,2.0,20.0,10.0,
LWSB_3,LWSB19203015,NK,3.0,20.0,10.0,LEATH00000175
LWSB_3,LWSB16173015,NK,3.0,20.0,10.0,LEATH00000182
LWSB_4,LWSB16173016,A,2.0,16.0,10.0,
LWSB_4,LWSB16173016B,A,2.0,16.0,10.0,
LWSB_4,PRIME-LWSB19203016B,A,2.0,16.0,10.0,
LWSB_4,PRIME-LWSB16173016,A,2.0,16.0,10.0,
LWSB_4,PRIME-LWSB16173016B,A,2.0,16.0,10.0,
LWSB_4,LWSB16173016,F,2.0,16.0,10.0,
LWSB_4,LWSB16173016SP,F,2.0,16.0,10.0,
LWSB_4,LWSB16173016,M,2.0,16.0,10.0,9273935
LWSB_4,LWSB20213016,M,2.0,16.0,10.0,14148602
LWSB_4,LWSB19203016,SD,2.0,16.0,10.0,SDL321052458
LWSB_4,LWSB16173016,TQ,2.0,16.0,10.0,MP000000013950053
LWSB_4,LWSB20213016,AJ,3.0,16.0,10.0,462278005001
LWSB_4,LWSB16173016,NK,3.0,16.0,10.0,LEATH00000187
LWSB_5,LWSB16173018,A,5.0,30.0,10.0,
LWSB_5,LWSB16173018B,A,5.0,30.0,10.0,
LWSB_5,PRIME-LWSB19203018B,A,5.0,30.0,10.0,
LWSB_5,PRIME-LWSB16173018,A,5.0,30.0,10.0,
LWSB_5,LWSB16173018,F,5.0,30.0,10.0,
LWSB_5,LWSB16173018SP,F,5.0,30.0,10.0,
LWSB_5,LWSB16173018,M,5.0,30.0,10.0,9273933
LWSB_5,LWSB16173018B,M,5.0,30.0,10.0,11557752
LWSB_5,LWSB16173018,SD,5.0,30.0,10.0,SDL356400708
LWSB_5,LWSB20213018,TQ,5.0,30.0,10.0,
LWSB_5,LWSB16173018,TQ,5.0,30.0,10.0,MP000000013950051
LWSB_5,LWSB16173018,NK,5.0,30.0,10.0,LEATH00000183
LWSB_6,LWSB19203024,A,4.0,35.0,10.0,
LWSB_6,PRIME-LWSB19203024,A,4.0,35.0,10.0,
LWSB_6,LWSB19203024,F,5.0,35.0,10.0,
LWSB_6,LWSB19203024SP,F,5.0,35.0,10.0,
LWSB_6,LWSB19203024,M,4.0,35.0,10.0,11207872
LWSB_6,LWSB19203024,SD,4.0,35.0,10.0,SDL859206228
LWSB_6,LWSB19203024,TQ,4.0,35.0,10.0,MP000000013950043
LWSB_6,LWSB20213024,AJ,5.0,35.0,10.0,462218355001
LWSB_6,B082R6SDXK,JM,4.0,35.0,10.0,
LWSB_6,LWSB19203024,NK,5.0,35.0,10.0,LEATH00000192
LWSB_7,FLYSB202104,A,2.0,17.0,10.0,
LWSB_7,FLYSB202104,F,3.0,17.0,10.0,
LWSB_7,FLYSB202104SP,F,3.0,17.0,10.0,
LWSB_7,FLYSB202104,M,2.0,17.0,10.0,14353710
LWSB_7,FLYSB2002104,SD,2.0,17.0,10.0,SDL055059106
LWSB_7,FLYSB202104,TQ,2.0,17.0,10.0,MP000000013950067
LWSB_7,FLYSB202104,AJ,3.0,17.0,10.0,462507030001
LWSB_7,B0957T4LTS,JM,2.0,17.0,10.0,
LWSB_8,FLYSB202106,A,4.0,34.0,10.0,
LWSB_8,FLYSB202106,F,5.0,34.0,10.0,
LWSB_8,FLYSB202106SP,F,5.0,34.0,10.0,
LWSB_8,FLYSB202106,M,5.0,34.0,10.0,14353706
LWSB_8,FLYSB202106,SD,4.0,34.0,10.0,
LWSB_8,FLYSB202106,TQ,5.0,34.0,10.0,MP000000013950075
LWSB_8,FLYSB202106,AJ,5.0,34.0,10.0,462501120001
LWSB_8,B0957TX8CW,JM,5.0,34.0,10.0,
LWSB_9,LWSB16173009,A,2.0,17.0,10.0,
LWSB_9,LWSB16173009B,A,2.0,17.0,10.0,
LWSB_9,PRIME-LWSB16173009,A,2.0,17.0,10.0,
LWSB_9,PRIME-LWSB19203009B,A,2.0,17.0,10.0,
LWSB_9,PRIME-LWSB16173009B,A,2.0,17.0,10.0,
LWSB_9,LWSB16173009,F,3.0,17.0,10.0,
LWSB_9,LWSB16173009SP,F,3.0,17.0,10.0,
LWSB_9,LWSB16173009B,M,2.0,17.0,10.0,11554206
LWSB_9,LWSB1010,SD,2.0,17.0,10.0,SDL069288692
LWSB_9,LWSB16173009,TQ,2.0,17.0,10.0,MP000000013950057
LWSB_9,LWSB20213009,AJ,3.0,17.0,10.0,462218354001
LWSB_9,LWSB19203009,NK,3.0,17.0,10.0,LEATH00000178
LWSB_9,LWSB16173009,NK,3.0,17.0,10.0,LEATH00000189
LWSB_10,LWSB16173019,A,3.0,27.0,10.0,
LWSB_10,LWSB16173019B,A,3.0,27.0,10.0,
LWSB_10,PRIME-LWSB16173019,A,3.0,27.0,10.0,
LWSB_10,PRIME-LWSB19203019B,A,3.0,27.0,10.0,
LWSB_10,LWSB16173019,F,4.0,27.0,10.0,
LWSB_10,LWSB16173019SP,F,4.0,27.0,10.0,
LWSB_10,LWSB16173019,M,4.0,27.0,10.0,9273941
LWSB_10,LWSB19203019B,SD,3.0,27.0,10.0,SDL195490127
LWSB_10,LWSB16173019,SD,3.0,27.0,10.0,SDL079991245
LWSB_10,LWSB16173019,TQ,4.0,27.0,10.0,MP000000013950035
LWSB_10,LWSB20213019,AJ,4.0,27.0,10.0,462291061001
LWSB_10,LWSB16173019,NK,4.0,27.0,10.0,LEATH00000174
LWSB_11,LWSB19203025,A,6.0,48.0,10.0,
LWSB_11,PRIME-LWSB19203025,A,6.0,48.0,10.0,
LWSB_11,LWSB19203025,F,6.0,48.0,10.0,
LWSB_11,LWSB19203025SP,F,6.0,48.0,10.0,
LWSB_11,LWSB19203025,M,6.0,48.0,10.0,11207874
LWSB_11,LWSB19203025,SD,6.0,48.0,10.0,SDL874880336
LWSB_11,LWSB19203025,TQ,6.0,48.0,10.0,MP000000013950045
LWSB_11,LWSB20213025,AJ,6.0,48.0,10.0,462210682001
LWSB_11,B082R7Q3Q1,JM,6.0,48.0,10.0,
LWSB_11,LWSB19203025,NK,6.0,48.0,10.0,LEATH00000188
LWSB_12,LWSB19203026,A,1.0,12.0,10.0,
LWSB_12,PRIME-LWSB19203026,A,1.0,12.0,10.0,
LWSB_12,LWSB19203026,F,2.0,12.0,10.0,
LWSB_12,LWSB19203026SP,F,2.0,12.0,10.0,
LWSB_12,LWSB19203026,M,1.0,12.0,10.0,11207868
LWSB_12,LWSB19203026,SD,1.0,12.0,10.0,SDL864497628
LWSB_12,LWSB19203026,TQ,2.0,12.0,10.0,MP000000013950056
LWSB_12,LWSB20213026,AJ,2.0,12.0,10.0,462277476001
LWSB_12,B082R8BN1P,JM,1.0,12.0,10.0,
LWSB_12,LWSB19203026,NK,2.0,12.0,10.0,LEATH00000177
LWSB_13,FLYSB202101,A,0.0,3.0,10.0,
LWSB_13,FLYSB202101,F,1.0,3.0,10.0,
LWSB_13,FLYSB202101SP,F,1.0,3.0,10.0,
LWSB_13,FLYSB202101,M,0.0,3.0,10.0,14059782
LWSB_13,FLYSB2002101,SD,0.0,3.0,10.0,SDL071979704
LWSB_13,FLYSB202101,TQ,0.0,3.0,10.0,MP000000013950070
LWSB_13,FLYSB202101,AJ,1.0,3.0,10.0,462507028001
LWSB_13,B08ZHGRFQZ,JM,0.0,3.0,10.0,
LWSB_14,FLYSB202102,A,2.0,15.0,10.0,
LWSB_14,FLYSB202102,F,2.0,15.0,10.0,
LWSB_14,FLYSB202102SP,F,2.0,15.0,10.0,
LWSB_14,FLYSB202102,M,2.0,15.0,10.0,14070754
LWSB_14,FLYSB2002102,SD,2.0,15.0,10.0,SDL048850206
LWSB_14,FLYSB202102,TQ,2.0,15.0,10.0,MP000000013950071
LWSB_14,FLYSB202102,AJ,3.0,15.0,10.0,462501030001
LWSB_14,B08ZHQNT63,JM,2.0,15.0,10.0,
LWSB_15,FLYSB202103,A,4.0,28.0,10.0,
LWSB_15,FLYSB202103,F,4.0,28.0,10.0,
LWSB_15,FLYSB202103SP,F,4.0,28.0,10.0,
LWSB_15,FLYSB202103,M,4.0,28.0,10.0,14059780
LWSB_15,FLYSB2002103,SD,4.0,28.0,10.0,
LWSB_15,FLYSB202103,TQ,4.0,28.0,10.0,MP000000013950065
LWSB_15,FLYSB202103,AJ,4.0,28.0,10.0,462501023001
LWSB_15,B08ZJGT9TQ,JM,4.0,28.0,10.0,
LWSB_16,FLYSB202105,A,6.0,43.0,10.0,
LWSB_16,FLYSB202105,F,6.0,43.0,10.0,
LWSB_16,FLYSB202105SP,F,6.0,43.0,10.0,
LWSB_16,FLYSB202105,M,6.0,43.0,10.0,14353708
LWSB_16,FLYSB2002105,SD,6.0,43.0,10.0,SDL052965968
LWSB_16,FLYSB202105,TQ,6.0,43.0,10.0,MP000000013950061
LWSB_16,FLYSB202105,AJ,7.0,43.0,10.0,462507052001
LWSB_16,B0957TTWS9,JM,6.0,43.0,10.0,
LWSB_17,LWSB21501,A,6.0,44.0,10.0,
LWSB_17,LWSB21501,F,6.0,44.0,10.0,
LWSB_17,LWSB21501SP,F,6.0,44.0,10.0,
LWSB_17,LWSB21501,M,6.0,44.0,10.0,15587934
LWSB_17,LWSB21501,SD,6.0,44.0,10.0,SDL782871585
LWSB_17,LWSB21501,TQ,6.0,44.0,10.0,MP000000013950044
LWSB_17,B09GS4YJQG,JM,6.0,44.0,10.0,
LWSB_17,LWSB21501,NK,7.0,44.0,10.0,LEATH00000176
LWSB_18,LWSB215002,A,6.0,48.0,10.0,
LWSB_18,LWSB21502,F,7.0,48.0,10.0,
LWSB_18,LWSB21502SP,F,7.0,48.0,10.0,
LWSB_18,LWSB21502,M,7.0,48.0,10.0,15587938
LWSB_18,LWSB215102,SD,6.0,48.0,10.0,SDL634382499
LWSB_18,LWSB21502,TQ,7.0,48.0,10.0,MP000000013950052
LWSB_18,LWSB21500,TQ,7.0,48.0,10.0,MP000000013950041
LWSB_18,B09GS521Y7,JM,7.0,48.0,10.0,
LWSB_18,LWSB215002,NK,7.0,48.0,10.0,LEATH00000186
LWSB_19,LWSB19203023,A,2.0,15.0,10.0,
LWSB_19,PRIME-LWSB19203023,A,2.0,15.0,10.0,
LWSB_19,LWSB19203023,F,2.0,15.0,10.0,
LWSB_19,LWSB19203023,M,2.0,15.0,10.0,9683767
LWSB_19,LWSB19203023,SD,2.0,15.0,10.0,SDL875200884
LWSB_19,LWSB19203023,TQ,2.0,15.0,10.0,MP000000013950063
LWSB_19,LWSB20213023,AJ,3.0,15.0,10.0,462277952001
LWSB_19,LWSB19203023,NK,2.0,15.0,10.0,LEATH00000179
LWSB_20,LWSB19203022,A,0.0,0.0,10.0,
LWSB_20,PRIME-LWSB19203022,A,0.0,0.0,10.0,
LWSB_20,LWSB19203022,F,0.0,0.0,10.0,
LWSB_20,LWSB19203022,M,0.0,0.0,10.0,9683769
LWSB_20,LWMB16172032,M,0.0,0.0,10.0,10885676
LWSB_20,LWMB16172034,M,0.0,0.0,10.0,10885678
LWSB_20,LWSB19203022,SD,0.0,0.0,10.0,SDL110253057
LWSB_20,LWSB19203022,TQ,0.0,0.0,10.0,MP000000013950062
LWSB_20,LWSB20213022,AJ,0.0,0.0,10.0,462218088001
LWSB_21,LWSB20213030,A,0.0,0.0,10.0,
LWSB_21,LWSB16173002,A,0.0,0.0,10.0,
LWSB_21,PRIME-LWSB16173002,A,0.0,0.0,10.0,
LWSB_21,LWSB19203021,F,0.0,0.0,10.0,
LWSB_21,LWSB19203021,M,0.0,0.0,10.0,9683765
LWSB_21,LWMB16172031,M,0.0,0.0,10.0,10885672
LWSB_21,LWSB19203021,SD,0.0,0.0,10.0,SDL908994740
LWSB_21,LWSB10101,SD,0.0,0.0,10.0,SDL148510093
LWSB_21,LWSB20213021,AJ,0.0,0.0,10.0,462218101001
LWSB_21,B09DS47LWP,JM,0.0,0.0,10.0,
LWSB_21,LWSB20213030,NK,0.0,0.0,10.0,LEATH00000180
LWSB_22,Middle chain blue,F,18.0,18.0,10.0,
LWSB_23,FLYSB202108,A,9.0,38.0,10.0,
LWSB_23,FLYSB202108,F,9.0,38.0,10.0,
LWSB_23,FLYSB202108SP,F,9.0,38.0,10.0,
LWSB_23,FLYSB202108,M,9.0,38.0,10.0,19498888
LWSB_23,FLYSB202108,SD,9.0,38.0,10.0,SDL023120708
LWTP_1,LWTP202101,F,8.0,40.0,10.0,
LWTP_1,LWTP202101,M,8.0,40.0,10.0,14024178
LWTP_1,LWTP202101,SD,8.0,40.0,10.0,SDL879668755
LWTP_1,LWTP202101,AJ,8.0,40.0,10.0,462450381001
LWTP_1,B09GS4YH2P,JM,8.0,40.0,10.0,
LWTP_1,B09136487G,JM,8.0,40.0,10.0,
LWTP_2,LWTP202102,A,8.0,48.0,10.0,
LWTP_2,LWTP202102,F,8.0,48.0,10.0,
LWTP_2,LWTP202102,M,8.0,48.0,10.0,14024188
LWTP_2,LWTP202102,SD,8.0,48.0,10.0,SDL701619682
LWTP_2,LWTP202102,AJ,8.0,48.0,10.0,462451177001
LWTP_2,B09139C13N,JM,8.0,48.0,10.0,
LWTP_3,LWTP2021104,A,8.0,34.0,10.0,
LWTP_3,LWTP202104,F,8.0,34.0,10.0,
LWTP_3,LWTP202104,M,8.0,34.0,10.0,18837568
LWTP_3,LWTP202104,SD,8.0,34.0,10.0,SDL640766253
FLYTP_4,LWTP202103,A,6.0,41.0,10.0,
FLYTP_4,FLYTP2101,A,6.0,41.0,10.0,
FLYTP_4,FLYTP2101,F,7.0,41.0,10.0,
FLYTP_4,FLYTP2101,M,7.0,41.0,10.0,14566732
FLYTP_4,FLYTP2101,SD,6.0,41.0,10.0,SDL829931851
FLYTP_4,B098F7HXQJ,JM,6.0,41.0,10.0,
FLYTP_4,FLYTP2101,NK,7.0,41.0,10.0,LEATH00000216
LWWP_4,LWWP2101,A,4.0,17.0,10.0,
LWWP_4,LWWP2101,F,4.0,17.0,10.0,
LWWP_4,LWWP2101,M,4.0,17.0,10.0,14371548
LWWP_4,LWWP2101,SD,4.0,17.0,10.0,
FLYWP_5,FLYWP2203,A,2.0,11.0,10.0,
FLYWP_5,FLYWP2203,F,3.0,11.0,10.0,
FLYWP_5,FLYWP2203,M,2.0,11.0,10.0,19496406
FLYWP_5,FLYWP2203,SD,2.0,11.0,10.0,SDL034253465
FLYWP_6,FLYWP2202,A,2.0,10.0,10.0,
FLYWP_6,FLYWP2202,F,2.0,10.0,10.0,
FLYWP_6,FLYWP2202,M,2.0,10.0,10.0,19496408
FLYWP_6,FLYWP2202,SD,2.0,10.0,10.0,SDL033727012
FLYWP_7,WP01,A,4.0,24.0,10.0,
FLYWP_7,LWWP2101,F,5.0,24.0,10.0,
FLYWP_7,LWWP2101,M,4.0,24.0,10.0,14371548
FLYWP_7,LWWP2101,SD,4.0,24.0,10.0,
FLYWP_7,LWWP2101,AJ,5.0,24.0,10.0,462506640001
LWBP_1,LWBP19203083,A,5.0,43.0,10.0,
LWBP_1,PRIME-LWBP19203083,A,5.0,43.0,10.0,
LWBP_1,LWBP19203083,F,6.0,43.0,10.0,
LWBP_1,LWBP19203083DB,F,6.0,43.0,10.0,
LWBP_1,LWBP19203083SP,F,6.0,43.0,10.0,
LWBP_1,LWBP19203083,M,5.0,43.0,10.0,9890065
LWBP_1,LWBP19206094,M,5.0,43.0,10.0,11387966
LWBP_1,LWBP3088,SD,5.0,43.0,10.0,SDL112084604
LWBP_1,LWBP19203083,TQ,5.0,43.0,10.0,MP000000013949963
LWBP_1,LWBP19203083,AJ,6.0,43.0,10.0,462397027001
LWBP_1,B07SNP7V72,JM,5.0,43.0,10.0,
LWBP_1,LWBP19203083,NK,6.0,43.0,10.0,LEATH00000140
LWBP_2,LWBP19203084,A,3.0,28.0,10.0,
LWBP_2,PRIME-LWBP19203084,A,3.0,28.0,10.0,
LWBP_2,LWBP19203084,F,4.0,28.0,10.0,
LWBP_2,LWBP19203084DB,F,4.0,28.0,10.0,
LWBP_2,LWBP19203084SP,F,4.0,28.0,10.0,
LWBP_2,LWBP19203084,M,3.0,28.0,10.0,9890067
LWBP_2,LWBP19203084,SD,3.0,28.0,10.0,SDL085745328
LWBP_2,LWBP19203084,TQ,4.0,28.0,10.0,MP000000013949969
LWBP_2,LWBP19203084,AJ,4.0,28.0,10.0,462389200001
LWBP_2,B07SNP6SZD,JM,3.0,28.0,10.0,
LWBP_2,LWBP19203084,NK,4.0,28.0,10.0,LEATH00000139
LWBP_3,LWBP19203082,A,10.0,70.0,10.0,
LWBP_3,PRIME-LWBP19203082,A,10.0,70.0,10.0,
LWBP_3,LWBP19203082,F,10.0,70.0,10.0,
LWBP_3,LWBP19203082DB,F,10.0,70.0,10.0,
LWBP_3,LWBP19203082SP,F,10.0,70.0,10.0,
LWBP_3,LWBP19203082,M,10.0,70.0,10.0,9890071
LWBP_3,LWBP8039,SD,10.0,70.0,10.0,
LWBP_3,LWBP19203082,AJ,10.0,70.0,10.0,462389013001
LWBP_3,B07SHCYPHM,JM,10.0,70.0,10.0,
LWBP_3,LWBP19203082,NK,10.0,70.0,10.0,LEATH00000141
LWBP_4,LWBP19203068,A,5.0,35.0,10.0,
LWBP_4,LWBP19203068B,A,5.0,35.0,10.0,
LWBP_4,LWBP19203076,A,5.0,35.0,10.0,
LWBP_4,LWBP19203068,F,5.0,35.0,10.0,
LWBP_4,LWBP19203068DB,F,5.0,35.0,10.0,
LWBP_4,LWBP19203068,M,5.0,35.0,10.0,9687213
LWBP_4,LWBP19203068,TQ,5.0,35.0,10.0,
LWBP_4,LWBP19203068,AJ,5.0,35.0,10.0,462389061001
LWBP_4,LWBP19203076,AJ,5.0,35.0,10.0,462417944001
LWBP_4,B07RGHZ836,JM,5.0,35.0,10.0,
LWBP_4,LWBP16173068,NK,5.0,35.0,10.0,LEATH00000143
LWBP_5,LWBP19203067,A,2.0,19.0,10.0,
LWBP_5,LWBP19203067B,A,2.0,19.0,10.0,
LWBP_5,PRIME-LWBP16173067,A,2.0,19.0,10.0,
LWBP_5,LWBP19203067,F,3.0,19.0,10.0,
LWBP_5,LWBP19203067SPY,F,3.0,19.0,10.0,
LWBP_5,LWBP19203067DB,F,3.0,19.0,10.0,
LWBP_5,LWBP19203067,M,2.0,19.0,10.0,9687211
LWBP_5,LWBP19206087,M,2.0,19.0,10.0,11208106
LWBP_5,LWBP19203086,M,2.0,19.0,10.0,10045747
LWBP_5,LWBP19203067,SD,2.0,19.0,10.0,SDL925558300
LWBP_5,LWBP19206087,TQ,2.0,19.0,10.0,MP000000013949973
LWBP_5,LWBP19203067,AJ,3.0,19.0,10.0,462389205001
LWBP_5,B07S6M5WNF,JM,2.0,19.0,10.0,
LWBP_5,B07STLBC9Q,JM,2.0,19.0,10.0,
LWBP_5,B07RKHRZSX,JM,2.0,19.0,10.0,
LWBP_5,LWBP19203067,JM,2.0,19.0,10.0,
LWBP_5,LWBP16173067,NK,3.0,19.0,10.0,LEATH00000142
LWBP_6,LWBP202102,A,0.0,0.0,10.0,
LWBP_6,LWBP202102SP,F,0.0,0.0,10.0,
LWBP_6,LWBP202102,F,0.0,0.0,10.0,
LWBP_6,LWBP202102,M,0.0,0.0,10.0,14140848
LWBP_6,LWBP202102,SD,0.0,0.0,10.0,
LWBP_6,LWBP202102,TQ,0.0,0.0,10.0,MP000000013949974
LWBP_6,FLYBP202102,AJ,0.0,0.0,10.0,462400177001
LWBP_6,B09493H22R,JM,0.0,0.0,10.0,
LWBP_6,LWBP202102,NK,0.0,0.0,10.0,LEATH00000112
LWBP_7,LWBP202103,A,7.0,49.0,10.0,
LWBP_7,LWBP202103SP,F,7.0,49.0,10.0,
LWBP_7,LWBP202103,M,7.0,49.0,10.0,14431596
LWBP_7,LWBP202103,SD,7.0,49.0,10.0,
LWBP_7,LWBP202103,TQ,7.0,49.0,10.0,MP000000013949977
LWBP_7,B0963SWJNQ,JM,7.0,49.0,10.0,
LWBP_7,LWBP202103,NK,7.0,49.0,10.0,LEATH00000110
LWBP_8,LWBP202104,F,36.0,36.0,10.0,
LWBP_8,LWBP202101,A,3.0,25.0,10.0,
LWBP_8,LWBP202101,F,3.0,25.0,10.0,
LWBP_8,LWBP202101SP,F,3.0,25.0,10.0,
LWBP_8,LWBP202101DB,F,3.0,25.0,10.0,
LWBP_8,FLYBP202101,F,3.0,25.0,10.0,
LWBP_8,LWBP202101,M,3.0,25.0,10.0,14140846
LWBP_8,LWBP202101,SD,3.0,25.0,10.0,
LWBP_8,LWBP202101,TQ,3.0,25.0,10.0,MP000000013949975
LWBP_8,FLYBP202101,AJ,4.0,25.0,10.0,462389282001
LWBP_8,B09496CFVF,JM,3.0,25.0,10.0,
LWBP_8,LWBP202101,NK,3.0,25.0,10.0,LEATH00000111
FLYBP_9,FLYBP2102,A,2.0,10.0,10.0,
FLYBP_9,FLYBP2102DB,F,2.0,10.0,10.0,
FLYBP_9,FLYBP2102,F,2.0,10.0,10.0,
FLYBP_9,FLYBP2102,M,2.0,10.0,10.0,14329002
FLYBP_9,FLYBP2102,AJ,2.0,10.0,10.0,462400177002
FLYBP_9,B0963DMLD5,JM,2.0,10.0,10.0,
FLYBP_10,FLYBP2103,A,5.0,20.0,10.0,
FLYBP_10,FLYBP2103,F,5.0,20.0,10.0,
FLYBP_10,FLYBP2103,M,5.0,20.0,10.0,14329006
FLYBP_10,FLYBP2103,AJ,5.0,20.0,10.0,462507653001
FLYBP_11,FLYBP2101,A,1.0,10.0,10.0,
FLYBP_11,FLYBP2101,F,2.0,10.0,10.0,
FLYBP_11,FLYBP2101DB,F,2.0,10.0,10.0,
FLYBP_11,FLYBP2101,M,1.0,10.0,10.0,14329008
FLYBP_11,FLYBP2101,SD,1.0,10.0,10.0,
FLYBP_11,FLYBP2101,AJ,2.0,10.0,10.0,462389282002
FLYBP_11,B0963DVHBW,JM,1.0,10.0,10.0,
FLYBP_11,B0963CBBMQ,JM,1.0,10.0,10.0,
FLYBP_12,FLYBP2104,A,2.0,10.0,10.0,
FLYBP_12,FLYBP2104,F,2.0,10.0,10.0,
FLYBP_12,FLYBP2104DB,F,2.0,10.0,10.0,
FLYBP_12,FLYBP2104SP,F,2.0,10.0,10.0,
FLYBP_12,FLYBP2104,M,2.0,10.0,10.0,14329004
FLYBP_12,FLYBP2104,AJ,2.0,10.0,10.0,462504167001
FLYBP_12,B0963C6T5B,JM,2.0,10.0,10.0,
FLYBP_13,FLYBP2103,A,0.0,0.0,0.0,
FLYBP_13,FLYBP2103,F,0.0,0.0,0.0,
FLYBP_13,FLYBP2103,M,0.0,0.0,0.0,14329006
FLYBP_13,FLYBP202103,SD,0.0,0.0,0.0,SDL782004621
FLYBP_13,FLYBP2103,AJ,0.0,0.0,0.0,462507653001
LWBP_13,LWBP20213014B,A,6.0,46.0,10.0,
LWBP_13,LWBP20213014DP,A,6.0,46.0,10.0,
LWBP_13,"	
LWBP20213014",A,6.0,46.0,10.0,
LWBP_13,LWBP20213014DB,F,7.0,46.0,10.0,
LWBP_13,LWBP20213014,F,7.0,46.0,10.0,
LWBP_13,LWBP20213014,M,6.0,46.0,10.0,13548658
LWBP_13,LWBP20213014,SD,6.0,46.0,10.0,SDL530325112
LWBP_13,LWBP20213014,AJ,7.0,46.0,10.0,462519842001
LWBP_13,B08NYFKV9H,JM,6.0,46.0,10.0,
LWBP_13,LWBP20213014,NK,7.0,46.0,10.0,LEATH00000128
LWBP_14,LWBP20213015,F,6.0,33.0,10.0,
LWBP_14,LWBP20213015DB,F,6.0,33.0,10.0,
LWBP_14,LWBP20213015SP,F,6.0,33.0,10.0,
LWBP_14,LWBP20213015,M,5.0,33.0,10.0,13548660
LWBP_14,LWBP20213015,SD,5.0,33.0,10.0,SDL663170689
LWBP_14,LWBP20213015,AJ,6.0,33.0,10.0,462519855001
LWBP_14,B08NYG27PK,JM,5.0,33.0,10.0,
LWBP_14,LWBP20213015,NK,6.0,33.0,10.0,LEATH00000127
LWBP_15,LWBP20213016,A,4.0,34.0,10.0,
LWBP_15,LWBP20213016,F,5.0,34.0,10.0,
LWBP_15,LWBP20213016SP,F,5.0,34.0,10.0,
LWBP_15,LWBP20213016,M,5.0,34.0,10.0,13548652
LWBP_15,LWBP20213016,SD,4.0,34.0,10.0,SDL661162266
LWBP_15,LWBP20213016,AJ,5.0,34.0,10.0,462519756001
LWBP_15,B08NYFHBYD,JM,5.0,34.0,10.0,
LWBP_15,LWBP20213016,NK,5.0,34.0,10.0,LEATH00000126
LWBP_16,LWBP20213011,A,2.0,17.0,10.0,
LWBP_16,PRIME-LWBP20213011,A,2.0,17.0,10.0,
LWBP_16,LWBP20213011,F,3.0,17.0,10.0,
LWBP_16,LWBP20213011DB,F,3.0,17.0,10.0,
LWBP_16,LWBP20213011,M,3.0,17.0,10.0,13548654
LWBP_16,LWBP20213011,SD,2.0,17.0,10.0,SDL911384126
LWBP_16,LWBP20213011,AJ,3.0,17.0,10.0,462519833001
LWBP_16,LWBP20213011,NK,3.0,17.0,10.0,LEATH00000130
LWBP_17,PRIME-LWBP20213012,A,0.0,0.0,10.0,
LWBP_17,LWBP20213012,A,0.0,0.0,10.0,
LWBP_17,LWBP20213012DB,F,0.0,0.0,10.0,
LWBP_17,LWBP20213012,F,0.0,0.0,10.0,
LWBP_17,LWBP20213013,F,0.0,0.0,10.0,
LWBP_17,LWBP20213012,M,0.0,0.0,10.0,13548656
LWBP_17,LWBP20213012,SD,0.0,0.0,10.0,SDL845007537
LWBP_17,LWBP20213012,AJ,0.0,0.0,10.0,462519874001
LWBP_17,B08NXKVNQ1,JM,0.0,0.0,10.0,
LWBP_17,B08NXL9F1P,JM,0.0,0.0,10.0,
LWBP_17,LWBP20213012,NK,0.0,0.0,10.0,LEATH00000129
LWWC_1,LWWC16176077,A,5.0,35.0,10.0,
LWWC_1,LWWC20216077,A,5.0,35.0,10.0,
LWWC_1,PRIME-LWWC16176077,A,5.0,35.0,10.0,
LWWC_1,PRIME-LWWC20216077,A,5.0,35.0,10.0,
LWWC_1,PRIME-LWWC20216097,A,5.0,35.0,10.0,
LWWC_1,LWWC16176077,F,6.0,35.0,10.0,
LWWC_1,LWWC16176077B,F,6.0,35.0,10.0,
LWWC_1,LWWC16176077C,F,6.0,35.0,10.0,
LWWC_1,LWWC16176077SP,F,6.0,35.0,10.0,
LWWC_1,LWWC16176138,F,6.0,35.0,10.0,
LWWC_1,LWWC16176077,M,6.0,35.0,10.0,9192443
LWWC_1,"LWWC16176138
",M,6.0,35.0,10.0,
LWWC_1,lwwc16176077,SD,5.0,35.0,10.0,SDL793265439
LWWC_1,LWWC16176077,AJ,6.0,35.0,10.0,462462236001
LWWC_1,B08KTD8K7J,JM,5.0,35.0,10.0,
LWWC_2,LWWC16176097B,A,16.0,80.0,10.0,
LWWC_2,LWWC16176097,F,16.0,80.0,10.0,
LWWC_2,LWWC16176097,M,16.0,80.0,10.0,
LWWC_2,LWWC16176097,SD,16.0,80.0,10.0,
LWWC_2,LWWC16176097,AJ,16.0,80.0,10.0,462469801001
LWWC_3,4BROWNPLANE,A,13.0,40.0,10.0,
LWWC_3,4 Brown Plane,F,13.0,40.0,10.0,
LWWC_3,4 BROWN PLANE,M,13.0,40.0,10.0,
LWWC_4,4BROWNWINDOW,A,6.0,18.0,10.0,
LWWC_4,4 Brown Window,F,6.0,18.0,10.0,
LWWC_4,4 Brown Window,M,6.0,18.0,10.0,21651826
LWWC_5,4TANPLANE,A,5.0,11.0,10.0,
LWWC_5,4 Tan Plane,M,5.0,11.0,10.0,21651828
LWWC_6,4TANWINDOW,A,14.0,42.0,10.0,
LWWC_6,4 Tan Window,F,14.0,42.0,10.0,
LWWC_6,4 TAN WINDOW,M,14.0,42.0,10.0,
LWWC_7,4BLACKWINDOW,A,12.0,37.0,10.0,
LWWC_7,4 Black Window,F,12.0,37.0,10.0,
LWWC_7,4 BLACK WINDOW,M,12.0,37.0,10.0,
LWWC_8,4BLACKPLANE,A,13.0,27.0,10.0,
LWWC_8,4 Black Plane,M,13.0,27.0,10.0,21651824
LWWC_9,LWWC16176140,A,5.0,30.0,10.0,
LWWC_9,LWWC20216140,A,5.0,30.0,10.0,
LWWC_9,PRIME-LWWC20216140,A,5.0,30.0,10.0,
LWWC_9,PRIME-LWWC16176140,A,5.0,30.0,10.0,
LWWC_9,LWWC226140,F,5.0,30.0,10.0,
LWWC_9,LWWC16176140SP,F,5.0,30.0,10.0,
LWWC_9,LWWC161761340,F,5.0,30.0,10.0,
LWWC_9,LWWC16176140,M,5.0,30.0,10.0,11616936
LWWC_9,LWWC16176140,SD,5.0,30.0,10.0,
LWWC_9,LWWC16176140,AJ,5.0,30.0,10.0,462462246001
LWWC_9,B08LVJ46HK,JM,5.0,30.0,10.0,
LWWC_9,B08LT1D3TY,JM,5.0,30.0,10.0,
LWWC_10,LWWC16176094,A,9.0,48.0,10.0,
LWWC_10,LWWC20216094,A,9.0,48.0,10.0,
LWWC_10,PRIME-LWWC16176094,A,9.0,48.0,10.0,
LWWC_10,LWWC16176094,F,10.0,48.0,10.0,
LWWC_10,LWWC16176094B,F,10.0,48.0,10.0,
LWWC_10,LWWC16176094SP,F,10.0,48.0,10.0,
LWWC_10,LWWC16176094,M,9.0,48.0,10.0,2297223
LWWC_10,LWWC16176094,SD,9.0,48.0,10.0,SDL218063457
LWWC_10,LWWC16176094,AJ,10.0,48.0,10.0,462462244001
LWWC_11,LWWC16176130,A,4.0,24.0,10.0,
LWWC_11,LWWC16176113B,A,4.0,24.0,10.0,
LWWC_11,PRIME-LWWC16176113,A,4.0,24.0,10.0,
LWWC_11,PRIME-LWWC16176028,A,4.0,24.0,10.0,
LWWC_11,LWWC16176113,F,5.0,24.0,10.0,
LWWC_11,LWWC16176113B,F,5.0,24.0,10.0,
LWWC_11,LWWC19206113,M,4.0,24.0,10.0,9192457
LWWC_11,LWWC16176113,SD,4.0,24.0,10.0,SDL677723854
LWWC_11,LWWC16176113,AJ,5.0,24.0,10.0,462462270001
LWWC_12,LWWC20216112,A,5.0,30.0,10.0,
LWWC_12,LWWC16176112C,A,5.0,30.0,10.0,
LWWC_12,PRIME-LWWC16176112,A,5.0,30.0,10.0,
LWWC_12,LWWC16176112C,F,5.0,30.0,10.0,
LWWC_12,LWWC16176112B,F,5.0,30.0,10.0,
LWWC_12,LWWC16176112B,M,5.0,30.0,10.0,10619284
LWWC_12,LWWC16176112,M,5.0,30.0,10.0,5965359
LWWC_12,LWWC16176112,SD,5.0,30.0,10.0,SDL828816969
LWWC_12,LWWC16176112,AJ,5.0,30.0,10.0,462462237001
LWWC_12,B06X9QGP8N,JM,5.0,30.0,10.0,
LWWC_13,LWWC16176105,A,4.0,27.0,10.0,
LWWC_13,LWWC16176105C,A,4.0,27.0,10.0,
LWWC_13,PRIME-LWWC16176105C,A,4.0,27.0,10.0,
LWWC_13,LWWC16176105B,A,4.0,27.0,10.0,
LWWC_13,PRIME-LWWC16176105B,A,4.0,27.0,10.0,
LWWC_13,LWWC16176105,F,5.0,27.0,10.0,
LWWC_13,LWWC16176105B,F,5.0,27.0,10.0,
LWWC_13,LWWC16176105SP,F,5.0,27.0,10.0,
LWWC_13,LWWC16176105,M,4.0,27.0,10.0,4700856
LWWC_13,LWWC19206105,SD,4.0,27.0,10.0,SDL568357702
LWWC_13,LWWC16176105,AJ,5.0,27.0,10.0,462462233001
LWWC_13,B07PFWLHY6,JM,4.0,27.0,10.0,
LWWC_14,LWWC16176059,A,8.0,50.0,10.0,
LWWC_14,LWWC16176059B,A,8.0,50.0,10.0,
LWWC_14,LWWC20216059,A,8.0,50.0,10.0,
LWWC_14,PRIME-LWWC16176059B,A,8.0,50.0,10.0,
LWWC_14,PRIME-LWWC16176136,A,8.0,50.0,10.0,
LWWC_14,LWWC16176009B,A,8.0,50.0,10.0,
LWWC_14,PRIME-LWWC20216059,A,8.0,50.0,10.0,
LWWC_14,LWWC16176066C,A,8.0,50.0,10.0,
LWWC_14,LWWC16176009,A,8.0,50.0,10.0,
LWWC_14,PRIME-LWWC16176009,A,8.0,50.0,10.0,
LWWC_14,LWWC16176059,F,8.0,50.0,10.0,
LWWC_14,LWWC16176059D,F,8.0,50.0,10.0,
LWWC_14,LWWC16176059B,F,8.0,50.0,10.0,
LWWC_14, LWWC16176136,F,8.0,50.0,10.0,
LWWC_14,LWWC16176059SP,F,8.0,50.0,10.0,
LWWC_14, LWWC16176136,F,8.0,50.0,10.0,
LWWC_14,LWWC16176059,M,8.0,50.0,10.0,4700875
LWWC_14,LWWC16176136,M,8.0,50.0,10.0,11333912
LWWC_14,lwwc16176059,SD,8.0,50.0,10.0,SDL462516602
LWWC_14,LWWC16176059,AJ,9.0,50.0,10.0,462462224001
LWWC_14,B07PGZWX1F,JM,8.0,50.0,10.0,
LWWC_15,LWWC16176104,A,7.0,46.0,10.0,
LWWC_15,LWWC16176104B,A,7.0,46.0,10.0,
LWWC_15,LWWC20216110,A,7.0,46.0,10.0,
LWWC_15,PRIME-LWWC16176104,A,7.0,46.0,10.0,
LWWC_15,PRIME-LWWC16176104B,A,7.0,46.0,10.0,
LWWC_15,PRIME-LWWC20216110,A,7.0,46.0,10.0,
LWWC_15,LWWC16176104,F,8.0,46.0,10.0,
LWWC_15,LWWC16176104B,F,8.0,46.0,10.0,
LWWC_15, LWWC16176104SP,F,8.0,46.0,10.0,
LWWC_15,LWWC16176104,M,7.0,46.0,10.0,4700884
LWWC_15,LWWC16176104,SD,7.0,46.0,10.0,SDL241140699
LWWC_15,LWWC16176104,AJ,8.0,46.0,10.0,462462229001
LWWC_15,B07BGQD9GW,JM,7.0,46.0,10.0,
LWWC_16,LWWC16176114,A,2.0,13.0,10.0,
LWWC_16,LWWC16176114B,A,2.0,13.0,10.0,
LWWC_16,LWWC20216114,A,2.0,13.0,10.0,
LWWC_16,LWWC16176110,A,2.0,13.0,10.0,
LWWC_16,PRIME-LWWC16176114,A,2.0,13.0,10.0,
LWWC_16,PRIME-LWWC16176114B,A,2.0,13.0,10.0,
LWWC_16,PRIME-LWWC20216114,A,2.0,13.0,10.0,
LWWC_16,LWWC16176114,F,3.0,13.0,10.0,
LWWC_16,LWWC16176114B,F,3.0,13.0,10.0,
LWWC_16,LWWC16176114,M,2.0,13.0,10.0,5965366
LWWC_16,LWWC19206114,SD,2.0,13.0,10.0,SDL564965756
LWWC_16,LWWC16176114,AJ,3.0,13.0,10.0,462462265001
LWWC_17,LWWC16176092B,A,3.0,18.0,10.0,
LWWC_17,PRIME-LWWC16176092B,A,3.0,18.0,10.0,
LWWC_17,PRIME-LWWC16176092,A,3.0,18.0,10.0,
LWWC_17,LWWC16176092B,F,4.0,18.0,10.0,
LWWC_17,LWWC16176092,F,4.0,18.0,10.0,
LWWC_17,LWWC16176092SP,F,4.0,18.0,10.0,
LWWC_17,WC6092,F,4.0,18.0,10.0,
LWWC_17,LWWC16176092,M,3.0,18.0,10.0,2297233
LWWC_17,LWWC16176092,SD,3.0,18.0,10.0,
LWWC_17,LWWC16176092,AJ,4.0,18.0,10.0,462462269001
LWWC_18,LWWC20216139,A,2.0,5.0,10.0,
LWWC_18,PRIME-LWWC20216139,A,2.0,5.0,10.0,
LWWC_18,LWWC16176139,M,2.0,5.0,10.0,11333916
LWWC_19,LWWC16176135,A,0.0,2.0,10.0,
LWWC_19,LWWC16176050,A,0.0,2.0,10.0,
LWWC_19,LWWC16176079B,A,0.0,2.0,10.0,
LWWC_19,PRIME-LWWC16176135,A,0.0,2.0,10.0,
LWWC_19,PRIME-LWWC16176091,A,0.0,2.0,10.0,
LWWC_19,PRIME-LWWC16176079B,A,0.0,2.0,10.0,
LWWC_19,PRIME-LWWC20216092,A,0.0,2.0,10.0,
LWWC_19,LWWC16176050B,A,0.0,2.0,10.0,
LWWC_19,LWPC16179012,A,0.0,2.0,10.0,
LWWC_19,LWWC16176135,F,0.0,2.0,10.0,
LWWC_19,LWWC16176091,F,0.0,2.0,10.0,
LWWC_19,LWWC16176091SP,F,0.0,2.0,10.0,
LWWC_19,WC6091,F,0.0,2.0,10.0,
LWWC_19,LWWC16176091,M,0.0,2.0,10.0,
LWWC_19,LWWC16176091B,M,0.0,2.0,10.0,9716267
LWWC_19,LWWC16176135,M,0.0,2.0,10.0,11333914
LWWC_19,LWWC19206091,SD,0.0,2.0,10.0,SDL568452355
LWWC_19,LWWC16176091,AJ,1.0,2.0,10.0,462469804001
LWWC_19,B0779969J9,JM,0.0,2.0,10.0,
LWWC_19,B0779CP5RK,JM,0.0,2.0,10.0,
LWWC_20,LWWC16176115,A,4.0,25.0,10.0,
LWWC_20,LWWC20216115,A,4.0,25.0,10.0,
LWWC_20,PRIME-LWWC20216115,A,4.0,25.0,10.0,
LWWC_20,PRIME-LWWC16176115,A,4.0,25.0,10.0,
LWWC_20,PRIME-LWWC16176051,A,4.0,25.0,10.0,
LWWC_20,LWWC16176051,A,4.0,25.0,10.0,
LWWC_20,PRIME-LWWC16176115B,A,4.0,25.0,10.0,
LWWC_20,LWWC16176115,F,4.0,25.0,10.0,
LWWC_20,LWWC16176115B,F,4.0,25.0,10.0,
LWWC_20,LWWC016176115,F,4.0,25.0,10.0,
LWWC_20,LWWC16176115,M,4.0,25.0,10.0,5965356
LWWC_20,LWWC16176115,SD,4.0,25.0,10.0,SDL324777138
LWWC_20,LWWC16176115,AJ,5.0,25.0,10.0,462462240001
LWWC_20,B08LH752FN,JM,4.0,25.0,10.0,
LWWC_21,PRIME-LWWC20216117,A,0.0,0.0,0.0,
LWWC_21,LWWC16176117,F,0.0,0.0,0.0,
LWWC_21,LWWC16176117B,F,0.0,0.0,0.0,
LWWC_21,LWWC16176117,M,0.0,0.0,0.0,5965363
LWWC_21,LWWC16176117B,M,0.0,0.0,0.0,9716261
LWWC_21,LWWC16176117,SD,0.0,0.0,0.0,SDL868462458
LWWC_21,LWWC16176117,AJ,0.0,0.0,0.0,462462239001
LWWC_21,LWWC16176125,A,1.0,7.0,10.0,
LWWC_21,LWWC20216125,A,1.0,7.0,10.0,
LWWC_21,PRIME-LWWC20216125,A,1.0,7.0,10.0,
LWWC_21,PRIME-LWWC16176125,A,1.0,7.0,10.0,
LWWC_21,PRIME-LWWC16176125B,A,1.0,7.0,10.0,
LWWC_21,LWWC16176125,F,1.0,7.0,10.0,
LWWC_21,LWWC16176125B,F,1.0,7.0,10.0,
LWWC_21,LWWC16176125,M,1.0,7.0,10.0,5965361
LWWC_21,LWWC16176125,SD,1.0,7.0,10.0,
LWWC_21,LWWC16176125,AJ,2.0,7.0,10.0,462462255001
LWWC_21,B08LSF311L,JM,1.0,7.0,10.0,
LWWC_22,LWWC16176081,A,11.0,44.0,10.0,
LWWC_22,10 Cofee Window,F,11.0,44.0,10.0,
LWWC_22,LWWC2104SP,F,11.0,44.0,10.0,
LWWC_22,LWWC2104,M,11.0,44.0,10.0,15544500
LWWC_22,lwwc16176081,SD,11.0,44.0,10.0,
LWWC_23,LWWC20216141,A,11.0,47.0,10.0,
LWWC_23,PRIME-LWWC16176141,A,11.0,47.0,10.0,
LWWC_23,10 Coffee Plane,A,11.0,47.0,10.0,
LWWC_23,PRIME-LWWC20216141,A,11.0,47.0,10.0,
LWWC_23,LWWC16176141,F,12.0,47.0,10.0,
LWWC_23,LWWC16176141SP,F,12.0,47.0,10.0,
LWWC_23,LWWC16176082B,F,12.0,47.0,10.0,
LWWC_23,LWWC16176141,M,11.0,47.0,10.0,14453606
LWWC_23,B084MKF1S8,JM,11.0,47.0,10.0,
LWWC_24,LWWC20216129,A,4.0,26.0,10.0,
LWWC_24,LWWC16176107,A,4.0,26.0,10.0,
LWWC_24,LWWC20216107,A,4.0,26.0,10.0,
LWWC_24,PRIME-LWWC20216107,A,4.0,26.0,10.0,
LWWC_24,PRIME-LWWC16176139,A,4.0,26.0,10.0,
LWWC_24,LWWC16176129,A,4.0,26.0,10.0,
LWWC_24,LWWC16176129,A,4.0,26.0,10.0,
LWWC_24,PRIME-LWWC16176129,A,4.0,26.0,10.0,
LWWC_24,PRIME-LWWC16176107B,A,4.0,26.0,10.0,
LWWC_24,LWWC16176107,F,4.0,26.0,10.0,
LWWC_24,LWWC16176107B,F,4.0,26.0,10.0,
LWWC_24,WC6107,F,4.0,26.0,10.0,
LWWC_24,LWWC16176107,M,4.0,26.0,10.0,4700845
LWWC_24,LWWC16176107,SD,4.0,26.0,10.0,SDL154161044
LWWC_24,LWWC16176139,AJ,5.0,26.0,10.0,462462252001
LWWC_24,LWWC16176107,AJ,5.0,26.0,10.0,462469791001
LWWC_24,B07PW7LKX2,JM,4.0,26.0,10.0,
LWWC_26,LWWC16176075,A,3.0,22.0,10.0,
LWWC_26,LWWC20216075,A,3.0,22.0,10.0,
LWWC_26,PRIME-LWWC16176075B,A,3.0,22.0,10.0,
LWWC_26,PRIME-LWWC20216075,A,3.0,22.0,10.0,
LWWC_26,LWWC16176053B,A,3.0,22.0,10.0,
LWWC_26,LWWC16176075,F,4.0,22.0,10.0,
LWWC_26,LWWC16176075B,F,4.0,22.0,10.0,
LWWC_26,LWWC16176075SP,F,4.0,22.0,10.0,
LWWC_26,WC6076,F,4.0,22.0,10.0,
LWWC_26,LWWC16176075,M,3.0,22.0,10.0,4700868
LWWC_26,lwwc16176075,SD,3.0,22.0,10.0,SDL440066604
LWWC_26,LWWC16176075,AJ,4.0,22.0,10.0,462462264001
LWWC_26,B07PFQ1K7G,JM,3.0,22.0,10.0,
LWWC_27,LWWC16176076,A,5.0,35.0,10.0,
LWWC_27,LWWC19206076,A,5.0,35.0,10.0,
LWWC_27,LWWC20216076,A,5.0,35.0,10.0,
LWWC_27,LWWC16176132,A,5.0,35.0,10.0,
LWWC_27,PRIME-LWWC20216076,A,5.0,35.0,10.0,
LWWC_27,PRIME-LWWC19206076,A,5.0,35.0,10.0,
LWWC_27,LWWC16176076,F,6.0,35.0,10.0,
LWWC_27,LWWC16176076B,F,6.0,35.0,10.0,
LWWC_27,LWWC16176076C,F,6.0,35.0,10.0,
LWWC_27,LWWC16176076,M,6.0,35.0,10.0,9192451
LWWC_27,lwwc16176076,SD,5.0,35.0,10.0,
LWWC_27,LWWC16176076,AJ,6.0,35.0,10.0,462462221001
LWWC_27,B07SBVZ49M,JM,5.0,35.0,10.0,
LWWC_28,LWWC20216001,A,7.0,39.0,10.0,
LWWC_28,LWWC20216001,F,8.0,39.0,10.0,
LWWC_28,LWWC20216001,M,7.0,39.0,10.0,14136006
LWWC_28,LWWC20216001,AJ,8.0,39.0,10.0,462462259001
LWWC_28,B07PDQ38H2,JM,7.0,39.0,10.0,
LWWC_29,LWWC16176081B,A,13.0,13.0,10.0,
LWWC_30,LWWC16176053C,A,18.0,18.0,10.0,
